token,index
a-zug,0
aargau,1
abbau,2
abberufen,3
abberufung,4
abbruch,5
abdankung,6
abdankungsfeier,7
abdecken,8
abends,9
abfall,10
abfallanlag,11
abfallbeseitigung,12
abfindung,13
abführen,14
abgabekommission,15
abgabepflicht,16
abgabepflichtig,17
abgeben,18
abgegeben,19
abgegolten,20
abgeltung,21
abgeltungsbeitrag,22
abgeschlossen,23
abgezogen,24
abgeändern,25
abgrenzung,26
abhalten,27
abhaltung,28
abhängig,29
abhängigkeit,30
abklären,31
abklärung,32
abklärungsstelle,33
abkommen,34
ablaufen,35
ablegen,36
ablehnen,37
ablehnung,38
ableitung,39
ablesung,40
abliefern,41
ablieferung,42
abmachung,43
abmeldung,44
abnahme,45
abnehmen,46
abordnen,47
abrechnen,48
abrechnung,49
abschliessen,50
abschliessend,51
abschlussprüfung,52
abschluß,53
abschn,54
abschnitt,55
abschreiben,56
abschreibung,57
abschrift,58
absehbar,59
absehen,60
absenze,61
absenzen,62
absicht,63
absichtlich,64
absolut,65
absolvieren,66
absolviert,67
absolvierung,68
absprache,69
abstand,70
absteckung,71
abstellen,72
abstellplatz,73
abstimmen,74
abstimmung,75
absätze,76
abteilungsvorsteher,77
abtransport,78
abtrennen,79
abtreten,80
abtretung,81
abwasser,82
abwasseranlag,83
abwassergebühr,84
abwasserreinigung,85
abwasserreinigungsanlag,86
abwasserreinigungsanlage,87
abweichen,88
abweichende,89
abweichung,90
abweisen,91
abweisung,92
abwesenheit,93
abwichen,94
abwicklung,95
abwässer,96
abziehbar,97
abziehen,98
abzug,99
abzuschliessen,100
abzüglich,101
abänderung,102
accord,103
achten,104
administration,105
administrativ,106
adoption,107
adresse,108
advokaturgesetz,109
agglomeration,110
ags,111
ahv,112
ahvg,113
ainsi,114
akademisch,115
akkreditiert,116
akkreditierung,117
akontozahlung,118
akt,119
akte,120
akteneinsicht,121
aktenstudium,122
akteur,123
aktie,124
aktiengesellschaft,125
aktion,126
aktionär,127
aktiv,128
aktive,129
aktivität,130
aktuell,131
alkohol,132
alleinig,133
alleinstehend,134
allenfalls,135
allgemeinbildend,136
allgemeinheit,137
alljährlich,138
allmend,139
allmendverwaltung,140
alltag,141
alt,142
alter,143
alternativ,144
alternierend,145
altersgrenze,146
altersjahr,147
alterswohnung,148
altrechtlich,149
ambulant,150
amortisation,151
amts,152
amtsgeheimnis,153
amtshandlung,154
amtshilfe,155
amtsjahr,156
amtsjahre,157
amtsperiode,158
amtsstelle,159
amtstierärztlich,160
amtszeit,161
analog,162
analyse,163
analysieren,164
analytik,165
anbau,166
anbieten,167
anbieter,168
anbieterinn,169
anbringen,170
andererseits,171
andernfalls,172
anderseits,173
anderslautend,174
anderweitig,175
androhung,176
anerkennen,177
anerkennung,178
anerkennungsabkommen,179
anerkennungsbehörde,180
anerkennungsprämie,181
anerkennungsreglement,182
anerkennungsvoraussetzung,183
anfallen,184
anfallend,185
anfechtbar,186
anfechtung,187
anfrage,188
angeben,189
angebot,190
angeboten,191
angebracht,192
angebrochen,193
angefangen,194
angefochten,195
angegeben,196
angehören,197
angehörige,198
angelegenheit,199
angemeldet,200
angemessenheit,201
angenommen,202
angeordnet,203
angepasst,204
angeschlossen,205
angesetzt,206
angestellt,207
angestellter,208
angestrebt,209
angewandt,210
angewiesen,211
angliedern,212
angrenzend,213
anhalten,214
anhaltspunkt,215
anhand,216
anhäng,217
anhänger,218
anhör,219
anhören,220
anhörung,221
anklage,222
ankunft,223
anlage,224
anlagekost,225
anlagevermögen,226
anlass,227
anlaufstelle,228
anlaß,229
anlegen,230
anlegung,231
anlehnung,232
anliegen,233
anlässe,234
anlässlich,235
anmelden,236
anmeldung,237
anmerken,238
anmerkung,239
annahme,240
annehmen,241
anonymisiert,242
anordnet,243
anpassen,244
anrechenbar,245
anrechnen,246
anrechnung,247
anrecht,248
anregung,249
anrufen,250
anrufung,251
ansatz,252
anschaffung,253
anschaffungskost,254
anschliessend,255
anschließen,256
anschluss,257
anschlussgebühr,258
anschlussgesuch,259
anschlussleistung,260
anschlussleitung,261
anschlussleitunge,262
anschlussvertrag,263
anschlüsse,264
ansehen,265
ansetzen,266
ansetzung,267
ansonsten,268
anspruchsberechtigt,269
anspruchsberechtigung,270
anspruchsermittlung,271
anspruchsgruppe,272
anstalt,273
anstand,274
anstelle,275
anstellen,276
anstellung,277
anstellungsbedingung,278
anstellungsbehörde,279
anstellungsverhältnis,280
anstellungsverhältniss,281
anstreben,282
ansässig,283
anteil,284
anteilmässig,285
anteilsmässig,286
antragstellend,287
antragsteller,288
antragstellung,289
antreten,290
antritt,291
antwort,292
anvertraut,293
anwalt,294
anwaltsgesetz,295
anwaltsregister,296
anweisen,297
anweisung,298
anwendbare,299
anwendbarkeit,300
anwendungsbereich,301
anwesend,302
anwesenheit,303
anwohnerinne,304
anwältinn,305
anzeichen,306
anzeige,307
anzeigen,308
anzeigepflicht,309
anzug,310
anzumerken,311
apotheke,312
apotheker,313
appellationsgericht,314
ara,315
arbeit,316
arbeiten,317
arbeiter,318
arbeitgebend,319
arbeitgebenden,320
arbeitgeber,321
arbeitgeberinn,322
arbeitnehmend,323
arbeitnehmende,324
arbeitnehmenden,325
arbeitnehmer,326
arbeitnehmerschutz,327
arbeitsaufwand,328
arbeitsbedingung,329
arbeitsbeschaffung,330
arbeitsbeschaffungsreserve,331
arbeitseinsatz,332
arbeitsgemeinschaft,333
arbeitsgericht,334
arbeitsgesetz,335
arbeitsgruppe,336
arbeitsleistung,337
arbeitslosenhilfe,338
arbeitslosenversicherung,339
arbeitslosigkeit,340
arbeitsmarkt,341
arbeitsmarktlich,342
arbeitsort,343
arbeitsplatz,344
arbeitsstunde,345
arbeitstag,346
arbeitstage,347
arbeitsverhinderung,348
arbeitsverhältnis,349
arbeitsvermittlung,350
arbeitsvertrag,351
arbeitswelt,352
arbeitszeit,353
architektur,354
archiv,355
archivgesetz,356
archivgut,357
archivierung,358
archivwesen,359
archäologie,360
archäologisch,361
areal,362
arithmetisch,363
armatur,364
arrest,365
arzneimittel,366
arzt,367
arztzeugnis,368
asb,369
asche,370
atsg,371
attraktiv,372
aue,373
auf,374
aufbau,375
aufbewahren,376
aufbewahrung,377
aufbewahrungsfrist,378
aufeinander,379
aufeinanderfolgend,380
aufenthalt,381
aufenthaltsbewilligung,382
aufenthaltsort,383
auferlegen,384
auffordern,385
aufforderung,386
aufführen,387
aufgabenbereich,388
aufgabenerfüllung,389
aufgabengebiet,390
aufgabenstellung,391
aufgabenteilung,392
aufgebot,393
aufgeführt,394
aufgehoben,395
aufgestellt,396
aufgrabung,397
aufhalten,398
aufklärung,399
aufkommen,400
auflage,401
auflagefrist,402
auflegen,403
auflösen,404
auflösung,405
aufmerksam,406
aufnahmebedingung,407
aufnahmeprüfung,408
aufrechterhaltung,409
aufrunden,410
aufschieben,411
aufschiebend,412
aufschluss,413
aufschrift,414
aufsichtsbehörde,415
aufsichtskommission,416
aufsichtsorgan,417
aufsichtsrechtlich,418
aufsichtsstelle,419
aufstellen,420
aufstellung,421
aufteilen,422
aufteilung,423
auftraggebend,424
auftraggeber,425
auftragswert,426
auftreten,427
aufweisen,428
aufwendung,429
aufwertung,430
aufzeichnung,431
augenschein,432
aus,433
ausarbeiten,434
ausarbeitung,435
ausbau,436
ausbezahlen,437
ausbezahlt,438
ausbilden,439
ausbildung,440
ausbildungsabschluss,441
ausbildungsabschlüsse,442
ausbildungsbeitrag,443
ausbildungsbeiträg,444
ausbildungsgang,445
ausbildungsgäng,446
ausbildungsjahr,447
ausbildungsplatz,448
ausbildungsstätt,449
ausbildungsvertrag,450
ausbildungszeit,451
ausdehnen,452
ausdehnung,453
ausfertigen,454
ausfertigung,455
ausführen,456
ausführend,457
ausführungsvorschrift,458
ausfüllen,459
ausgabe,460
ausgabenbewilligung,461
ausgang,462
ausgefüllt,463
ausgehen,464
ausgehend,465
ausgerichtet,466
ausgestaltung,467
ausgestellt,468
ausgewiesen,469
ausgewogen,470
ausgewählt,471
ausgleich,472
ausgleichen,473
ausgleichskas,474
ausgleichskasse,475
ausgleichszahlung,476
aushändigen,477
aushändigung,478
auskunftserteilung,479
auskunftsperson,480
auskunftspflicht,481
auslag,482
auslagen,483
ausland,484
auslegung,485
ausleihe,486
ausländer,487
ausländerrecht,488
ausländisch,489
auslösen,490
ausmass,491
ausnahmebewilligung,492
ausnahmefall,493
ausnahmsweise,494
ausreichen,495
ausreichend,496
ausrüsten,497
ausrüstung,498
aussage,499
ausscheiden,500
ausschliessen,501
ausschluss,502
ausschreiben,503
ausschreibung,504
ausschreibungsunterlag,505
ausschuss,506
ausschuß,507
ausse,508
aussen,509
aussenstell,510
aussergewöhnlich,511
ausserkantonal,512
ausserkantonalen,513
ausserschulisch,514
aussetzen,515
aussprechen,516
ausstand,517
ausstatten,518
ausstattung,519
ausstehend,520
ausstellen,521
ausstellung,522
austausch,523
austauschen,524
austreten,525
austritt,526
auswahl,527
ausweis,528
ausweise,529
ausweisen,530
auswertung,531
auswirken,532
auswirkung,533
auswärtig,534
auszahlung,535
auszubildender,536
auszug,537
auszuhändigen,538
auszählung,539
ausüben,540
ausübung,541
auto,542
automatisch,543
aux,544
avec,545
avig,546
avoir,547
awa,548
bachelor,549
baden,550
badisch,551
badischen,552
bahn,553
bahnanlag,554
bahngebiet,555
bahnhof,556
bahnverwaltung,557
bank,558
bar,559
basel,560
basel-mülhaus,561
basellandschaftlich,562
baselstädtisch,563
basieren,564
basierend,565
basis,566
baslerisch,567
bau,568
bauarbeit,569
bauausführung,570
baubegehr,571
baubegehren,572
baubeginn,573
baubewilligung,574
baubewilligungsbehörde,575
baubewilligungsverfahren,576
baudepartement,577
bauen,578
bauentscheid,579
baugebiet,580
baugesuche,581
bauherrschaft,582
bauinstallation,583
baukommission,584
baukost,585
baulich,586
baulinie,587
baum,588
baumbestand,589
baurecht,590
baurechtsvertrag,591
baurekurskommission,592
baustelle,593
baute,594
bauteil,595
bauvorhaben,596
bauvorschrift,597
bauwerk,598
bauzon,599
bauzone,600
beabsichtigen,601
beabsichtigt,602
beachten,603
beachtung,604
beamter,605
beanspruchen,606
beansprucht,607
beanspruchung,608
beanstanden,609
beanstandung,610
beanstandungen,611
beantragt,612
beantworten,613
beantwortung,614
bearbeite,615
bearbeiten,616
bearbeitet,617
bearbeitung,618
bearbeitungsgebühr,619
beaufsichtigen,620
beaufsichtigt,621
beaufsichtigung,622
beauftragen,623
beauftragt,624
beauftragter,625
bebaut,626
bebauung,627
bebauungsplan,628
bedarfsabhängig,629
bedarfsermittlung,630
bedarfsgerechen,631
bedarfsgerecht,632
bedarfsplanung,633
bedeuten,634
bedeutend,635
bedeutung,636
bedienen,637
bediensteter,638
bedienung,639
bedingt,640
bedrohen,641
bedrohungsmanagement,642
bedürfnis,643
bedürftig,644
beeinflussen,645
beeinträchtigen,646
beeinträchtigung,647
beenden,648
beendigung,649
befahren,650
befassen,651
befinden,652
befindlich,653
befolgen,654
befragen,655
befragung,656
befreien,657
befreiung,658
befristen,659
befristet,660
befristung,661
befugen,662
befugt,663
befund,664
befördern,665
beförderung,666
befürchten,667
begangen,668
begehen,669
begehren,670
begehung,671
beginnen,672
beglaubigt,673
beglaubigung,674
begleiten,675
begleitung,676
begnadigung,677
begonnen,678
begrenzen,679
begrenzt,680
begrenzung,681
begriff,682
begründung,683
begutachtung,684
begutachtungskommission,685
behalten,686
behandeln,687
behandelnd,688
behandlung,689
beheben,690
behebung,691
beherbergung,692
beherbergungsbetriebe,693
beherrschen,694
behindern,695
behindert,696
behindertenhilfe,697
behinderter,698
behinderung,699
behinderungsbedingt,700
behördlich,701
beide,702
beiderseitig,703
beidseitig,704
beigefügen,705
beigegeben,706
beigezogen,707
beihilfe,708
beilage,709
beilegen,710
beilegung,711
beinhalen,712
beinhalten,713
beisetzen,714
beisetzung,715
beisitzer,716
beispielsweise,717
beistand,718
beistandschaft,719
beitrag,720
beitragen,721
beitragsberechtigen,722
beitragsberechtigt,723
beitragsberechtigung,724
beitragsgesuch,725
beitragsgesuche,726
beitragshöhe,727
beitragsjahr,728
beitragsleistung,729
beitragspflicht,730
beitragspflichtig,731
beitragssatz,732
beitreten,733
beitritt,734
beiziehen,735
beizubringen,736
beizufügen,737
beizug,738
beizuziehen,739
bekannt,740
bekanntgabe,741
bekanntgeben,742
bekanntmachung,743
bekanntzugeben,744
bekämpfung,745
belag,746
belang,747
belassen,748
belassung,749
belasten,750
belastet,751
belastung,752
beleg,753
belegen,754
belegt,755
belegung,756
beleuchtung,757
belästigen,758
belästigung,759
bemerkung,760
bemessen,761
bemessung,762
bemessungsgrundlage,763
bemissen,764
bemisst,765
bemühen,766
bemühung,767
benachbart,768
benachrichtigen,769
benachrichtigung,770
benachteiligen,771
benachteiligung,772
benutzen,773
benutzende,774
benutzt,775
benutzung,776
benötigen,777
benötigt,778
benützen,779
benützer,780
benützerinn,781
benützung,782
beobachtung,783
bepflanzung,784
beraten,785
beratend,786
beratung,787
beratungsstelle,788
berechnet,789
berechnungsgrundlag,790
berechnungsgrundlage,791
berechtigt,792
berechtigter,793
berechtigung,794
bereinigen,795
bereinigt,796
bereinigung,797
bereit,798
bereiten,799
bereitgestellt,800
bereitstellen,801
bereitstellung,802
bereitstellungsgebühr,803
berichten,804
berichterstattung,805
berichtigen,806
berichtigung,807
bern,808
beruf,809
berufe,810
berufen,811
beruflich,812
berufliche,813
berufsauftrag,814
berufsausübung,815
berufsberatung,816
berufsbezeichnung,817
berufsbildner,818
berufsbildnerinn,819
berufsbildung,820
berufserfahrung,821
berufsfachschule,822
berufsfeld,823
berufsfeuerwehr,824
berufsgruppe,825
berufskost,826
berufsmaturität,827
berufsmässig,828
berufsorientiert,829
berufstätige,830
berufstätigkeit,831
berufsverbänd,832
berufung,833
beruhen,834
berücksichtigt,835
berühren,836
besatzung,837
beschaffen,838
beschaffenheit,839
beschaffung,840
beschaffungswesen,841
bescheinigen,842
bescheinigung,843
beschleunigt,844
beschliesst,845
beschließen,846
beschlossen,847
beschlussfassung,848
beschlussfähig,849
beschlussfähigkeit,850
beschreiben,851
beschreibung,852
beschrieben,853
beschriftung,854
beschränken,855
beschränkt,856
beschränkung,857
beschuldigt,858
beschwerde,859
beschwerdeführer,860
beschwerdeinstanz,861
beschwerderecht,862
beschwerdeverfahren,863
beschwerdewesen,864
beschädigen,865
beschädigung,866
beschäftigen,867
beschäftigung,868
beschäftigungsgrad,869
beseitigen,870
beseitigung,871
besetzen,872
besetzung,873
besichtigung,874
besitz,875
besitzen,876
besitzer,877
besitzstand,878
besoldung,879
besonder,880
besonderheit,881
besorgen,882
besorgt,883
besprechen,884
besprechung,885
bestand,886
bestanden,887
bestandteil,888
bestattung,889
bestattungswesen,890
bestellen,891
bestellt,892
bestellung,893
besteuern,894
besteuerung,895
bestg,896
bestimmungsgemäss,897
bestimmungsort,898
bestrafen,899
bestreben,900
bestreiten,901
bestätigen,902
bestätigung,903
besuch,904
besuchen,905
besucher,906
besucherinn,907
betagt,908
beteiligt,909
beteiligter,910
beteiligung,911
beteiligungsrecht,912
betracht,913
betrachten,914
betrauen,915
betraut,916
betreiber,917
betreiberinn,918
betreibung,919
betreibungsverfahre,920
betreten,921
betreuen,922
betreuend,923
betreut,924
betreuung,925
betreuungsbedarf,926
betreuungsbeitrag,927
betreuungsbeiträg,928
betreuungsperson,929
betreuungsplatz,930
betrieben,931
betrieblich,932
betriebs,933
betriebsbeitrag,934
betriebsbewilligung,935
betriebsführung,936
betriebsjahr,937
betriebskommission,938
betriebskost,939
betriebsnotwendig,940
betriebsrechnung,941
betriebsreglement,942
betriebsstätt,943
betriebsstätte,944
betriebswirtschaftlich,945
betriebszeit,946
betroffener,947
betting,948
bettinge,949
bettingen,950
betäubungsmittel,951
beurkunden,952
beurkundet,953
beurkundung,954
bevollmächtigter,955
bevor,956
bevorschussung,957
bevorstehend,958
bevölkerung,959
bevölkerungsschutz,960
bewaffnet,961
bewahren,962
beweglich,963
beweis,964
beweismittel,965
bewerber,966
bewerberinn,967
bewerten,968
bewertung,969
bewertungskommission,970
bewilligt,971
bewilligungsbehörd,972
bewilligungsbehörde,973
bewilligungserteilung,974
bewilligungsgebühr,975
bewilligungsgesuch,976
bewilligungsinhaber,977
bewilligungspflicht,978
bewilligungspflichtig,979
bewilligungsverfahr,980
bewilligungsverfahren,981
bewilligungsvoraussetzung,982
bewirken,983
bewirtschaften,984
bewirtschafter,985
bewirtschaftung,986
bewohner,987
bewährungsfrist,988
bewältigung,989
bezahlbar,990
bezahlen,991
bezahlt,992
bezahlter,993
bezahlung,994
bezeichnung,995
beziehung,996
beziehungsweise,997
bezirk,998
bezogen,999
bezugsperson,1000
bezwecken,1001
bezüger,1002
bezügerinne,1003
bfs,1004
bgf,1005
bgs,1006
bhg,1007
bibliothek,1008
bieten,1009
bilanz,1010
bild,1011
bildend,1012
bildner,1013
bildnerisch,1014
bildung,1015
bildungsanbieter,1016
bildungsangebote,1017
bildungsbedarf,1018
bildungsgang,1019
bildungsgäng,1020
bildungszentrum,1021
binden,1022
binnen,1023
binnenschifffahrt,1024
binning,1025
biodiversität,1026
biologie,1027
biologisch,1028
biometrisch,1029
bir,1030
birsfelde,1031
blau,1032
bleibe,1033
bloss,1034
blt,1035
boden,1036
bodenforschung,1037
bord,1038
bostadel,1039
bottminge,1040
bpg,1041
bpv,1042
brandschutz,1043
brauchen,1044
breit,1045
breite,1046
brennbar,1047
brieflich,1048
brunnen,1049
bruttogeschossfläch,1050
brücke,1051
brückenangebot,1052
brückenangeboter,1053
bsabb,1054
bst,1055
buch,1056
buchführung,1057
buchhaltung,1058
buchmässig,1059
budget,1060
budgetkredit,1061
bundesamt,1062
bundesbahn,1063
bundesbehörde,1064
bundesbeitrag,1065
bundesgericht,1066
bundesgesetzgebung,1067
bundesrat,1068
bundesrechtlich,1069
bundesrepublik,1070
bundessteuer,1071
bundesverfassung,1072
bus,1073
busse,1074
bvb,1075
bvg,1076
bzg,1077
bürg,1078
bürger,1079
bürgergemeind,1080
bürgergemeinde,1081
bürgerrat,1082
bürgerrecht,1083
bürgschaft,1084
büro,1085
cas,1086
cent,1087
ces,1088
cette,1089
chancengleichheit,1090
charakter,1091
chef,1092
chemie,1093
christoph,1094
chronologisch,1095
conseil,1096
container,1097
controlling,1098
convention,1099
dach,1100
dachorganisation,1101
dan,1102
dans,1103
dar,1104
darbietung,1105
darlehen,1106
darstellen,1107
darstellung,1108
darzulegen,1109
datenaustausch,1110
datenbank,1111
datenbanken,1112
datenbearbeitung,1113
dateneigner,1114
datenerhebung,1115
datenmarkt,1116
datenschutz,1117
datenschutzbeauftragte,1118
datenschutzbeauftragter,1119
datenschutzgesetz,1120
datenschutzgesetze,1121
datenschutzrechtlich,1122
datensicherheit,1123
datenträger,1124
dauerhaft,1125
dauern,1126
dauernd,1127
dazugehörend,1128
dazugehörig,1129
decken,1130
deckung,1131
deckungsgrad,1132
deckungslücke,1133
definieren,1134
definiert,1135
definition,1136
definitiv,1137
deklarieren,1138
delegation,1139
delegieren,1140
delegierter,1141
delikt,1142
demjenig,1143
demonstration,1144
demontage,1145
denkmal,1146
denkmalpfleg,1147
denkmalpflege,1148
denkmalrat,1149
denkmalschutz,1150
denkmalsubvention,1151
denkmalverzeichnis,1152
denkmäler,1153
denkmälern,1154
departemente,1155
departementsleitung,1156
departementsvorsteher,1157
deponie,1158
der,1159
derart,1160
dergleich,1161
dergleichen,1162
derjenige,1163
desgleichen,1164
detail,1165
detailliert,1166
deutsch,1167
deutschförderung,1168
deutschland,1169
deutschsprachig,1170
deux,1171
dezentral,1172
dienend,1173
dienstaltersgeschenk,1174
dienstbarkeit,1175
dienstjahr,1176
dienstleistung,1177
dienstlich,1178
dienststell,1179
dienststelle,1180
dienstverhältnis,1181
dienstwohnung,1182
diesbezüglich,1183
differenz,1184
digital,1185
dinglich,1186
diplom,1187
diplomarbeit,1188
diplomiert,1189
direktion,1190
direktor,1191
direktoren,1192
diskriminierung,1193
diskussion,1194
dispensation,1195
dispensieren,1196
disposition,1197
dispositiv,1198
disziplinarisch,1199
disziplinarmassnahm,1200
disziplinarverordnung,1201
dokument,1202
dokumentation,1203
dokumentieren,1204
dolmetscher,1205
doppelbesteuerung,1206
doppelt,1207
doppelte,1208
dorfbild-schutzzone,1209
dossier,1210
dotationskapital,1211
dozent,1212
drei,1213
dreiergericht,1214
dreifach,1215
dreispitz,1216
dreispitzareal,1217
dreispitzverwaltung,1218
dringend,1219
dringlich,1220
dringlichkeit,1221
drittel,1222
drittmittel,1223
drittperson,1224
drogerie,1225
drohend,1226
droit,1227
dulden,1228
duplikat,1229
durchführungsorgan,1230
durchführungsorgane,1231
durchgeführt,1232
durchgehend,1233
durchlaufen,1234
durchleitungsrecht,1235
durchschnitt,1236
durchschnittlich,1237
durchsetzung,1238
durchsuchung,1239
e-zug,1240
ebene,1241
edk,1242
effektiv,1243
effizient,1244
effizienz,1245
efz,1246
ehe,1247
ehegatt,1248
ehegatte,1249
ehegatter,1250
ehelich,1251
ehemalig,1252
ehepaar,1253
eichmarke,1254
eidgenossenschaft,1255
eigen,1256
eigenbeitrag,1257
eigenkapital,1258
eigenmietwert,1259
eigenschaft,1260
eigenständig,1261
eigentum,1262
eigentumsbeschränkung,1263
eigentumsverhältnis,1264
eigentümer,1265
eigentümerinn,1266
eigentümerschaft,1267
eigentümerstrategie,1268
eigenverbrauch,1269
eignen,1270
eignerstrategie,1271
eignung,1272
eignungsabklärung,1273
eignungsprüfung,1274
ein,1275
einbau,1276
einbauen,1277
einberufen,1278
einberufung,1279
einbeziehen,1280
einbezug,1281
einblick,1282
einbringen,1283
einbürgerung,1284
eindeutig,1285
einerseits,1286
einfach,1287
einfachtarif,1288
einfamilienhaus,1289
einfluss,1290
einfordern,1291
einforderung,1292
einfriedung,1293
einfuhr,1294
einfügen,1295
einführen,1296
einführung,1297
einführungsgesetz,1298
eingabe,1299
eingang,1300
eingebracht,1301
eingegangen,1302
eingehen,1303
eingehend,1304
eingeleitet,1305
eingereicht,1306
eingeschränkt,1307
eingesehen,1308
eingesetzt,1309
eingetragen,1310
eingetreten,1311
eingewiesen,1312
eingliederung,1313
eingriff,1314
einheimisch,1315
einheit,1316
einheitlich,1317
einheitspreis,1318
einholen,1319
einholung,1320
einigung,1321
einigungsamt,1322
einjährig,1323
einkauf,1324
einklang,1325
einkommen,1326
einkommenssteuer,1327
einkünfte,1328
einladen,1329
einladung,1330
einladungsverfahren,1331
einlage,1332
einleiten,1333
einleitung,1334
einmaleinlage,1335
einmalig,1336
einnahme,1337
einnehmen,1338
einreichung,1339
einreihung,1340
einrichten,1341
einrichtung,1342
einräumen,1343
einsatz,1344
einsatzleitung,1345
einsatzzentral,1346
einsatzzentrale,1347
einschließen,1348
einschluss,1349
einschlägig,1350
einschreiten,1351
einschränken,1352
einschränkung,1353
einschulung,1354
einschätzung,1355
einseitig,1356
einsetzung,1357
einsicht,1358
einsitz,1359
einsprach,1360
einsprache,1361
einspracheentscheid,1362
einspracheentscheide,1363
einsprachefrist,1364
einspracheverfahr,1365
einstellen,1366
einstellung,1367
einstimmig,1368
einstimmigkeit,1369
einstufung,1370
einteilung,1371
eintrag,1372
eintragen,1373
eintragung,1374
eintreffen,1375
eintreten,1376
eintritt,1377
einvernehmlich,1378
einverstanden,1379
einverständnis,1380
einwand,1381
einwandfrei,1382
einweisend,1383
einweisung,1384
einwendung,1385
einwilligung,1386
einwirkung,1387
einwohner,1388
einwohnergemeind,1389
einwohnergemeinde,1390
einwohnergemeinden,1391
einwohnergemeinder,1392
einwohnerinne,1393
einwohnerregister,1394
einwohnerzahl,1395
einzelgericht,1396
einzelne,1397
einzelner,1398
einzelperson,1399
einzelrichter,1400
einzig,1401
einzug,1402
einzugsgebiet,1403
einzäunung,1404
einäscherung,1405
eisenbahn,1406
eisenbahnverwaltung,1407
elbisgrabe,1408
elektrisch,1409
elektrizität,1410
elektrizitätszähler,1411
elektroauto,1412
elektronisch,1413
element,1414
elg,1415
elisabethen,1416
elterlich,1417
eltern,1418
elternlos,1419
elternrat,1420
elternteil,1421
elternveranstaltung,1422
elternzeit,1423
emission,1424
empfang,1425
empfangen,1426
empfehlen,1427
empfehlung,1428
empfänger,1429
empfängerinn,1430
enden,1431
endgültig,1432
energie,1433
energiegesetz,1434
energielieferung,1435
energiemeng,1436
energienutzung,1437
energieträger,1438
energieverbrauch,1439
energieversorgung,1440
eng,1441
engagement,1442
englisch,1443
entbinden,1444
entdeckung,1445
enteigner,1446
enteignung,1447
enteignungsgesetz,1448
enteignungsrecht,1449
entfallen,1450
entfallend,1451
entfernt,1452
entfernung,1453
entgegen,1454
entgegengenommen,1455
entgegennahme,1456
entgegenstehen,1457
entgelt,1458
entgeltlich,1459
entlassen,1460
entlassung,1461
entlasten,1462
entlastung,1463
entlöhnung,1464
entnahme,1465
entnehmen,1466
entre,1467
entrichtend,1468
entrichtet,1469
entrichtung,1470
entsandt,1471
entscheidgebühr,1472
entscheidung,1473
entschädigen,1474
entschädigung,1475
entschädigungslos,1476
entsenden,1477
entsorgen,1478
entsorgung,1479
entstanden,1480
entstehend,1481
entstehung,1482
entwickeln,1483
entwicklung,1484
entwurf,1485
entziehen,1486
entzug,1487
erarbeiten,1488
erarbeitung,1489
erbe,1490
erbgang,1491
erbinne,1492
erblasser,1493
erbracht,1494
erbring,1495
erbringend,1496
erbringung,1497
erbschaft,1498
erbschaftsamt,1499
erbvertrag,1500
erdbestattung,1501
erdgas,1502
erdreich,1503
ereignis,1504
erfahren,1505
erfahrung,1506
erfahrungsnote,1507
erfassen,1508
erfasst,1509
erfassung,1510
erfolg,1511
erfolglos,1512
erfolgreich,1513
erfolgsrechnung,1514
erfordern,1515
erfordernis,1516
ergebend,1517
ergebnis,1518
ergehen,1519
ergreifen,1520
ergänzend,1521
ergänzung,1522
ergänzungsleistung,1523
ergänzungsleistunge,1524
ergänzungsleistungen,1525
ergänzungsprüfungen,1526
erhalt,1527
erhaltung,1528
erhebend,1529
erheblich,1530
erhoben,1531
erhöhen,1532
erhöht,1533
erhöhung,1534
erkennbar,1535
erkennen,1536
erkenntnis,1537
erkennungsdienstlich,1538
erklärung,1539
erlangen,1540
erlangung,1541
erlasse,1542
erlassend,1543
erlauben,1544
erledigen,1545
erledigung,1546
erleichtern,1547
erleichterung,1548
erleiden,1549
erlischen,1550
erläutern,1551
erlös,1552
erlösche,1553
erlöschen,1554
ermahnung,1555
ermessen,1556
ermitteln,1557
ermittelt,1558
ermittlung,1559
ermittlungsbefugnis,1560
ermittlungsverfahren,1561
ermächtigt,1562
ermächtigung,1563
ermässigen,1564
ermässigung,1565
ermöglichen,1566
ernannt,1567
ernennen,1568
ernennung,1569
erneuerbar,1570
erneuern,1571
erneuerung,1572
erneut,1573
ernsthaft,1574
errechnen,1575
erreicht,1576
erreichung,1577
errichten,1578
errichtet,1579
errichtung,1580
ersatz,1581
ersatzbeschaffung,1582
ersatzmitglied,1583
ersatzneubau,1584
ersatzrichter,1585
ersatzvornahme,1586
ersatzwahl,1587
erscheinen,1588
erscheinungsbild,1589
erschliessung,1590
erschließen,1591
erschlossen,1592
erschweren,1593
ersichtlich,1594
erstatten,1595
erstausbildung,1596
erstelle,1597
erstellt,1598
erstellungskost,1599
erstinstanzlich,1600
erstmalig,1601
erstmals,1602
erstrecken,1603
ersuchen,1604
ersuchend,1605
erteilt,1606
ertrag,1607
ertragswert,1608
erwachsen,1609
erwachsend,1610
erwachsene,1611
erwachsenenschutz,1612
erwachsenenschutzbehörde,1613
erwachsenenschutzgesetz,1614
erwarten,1615
erwartend,1616
erwartet,1617
erweisen,1618
erweitern,1619
erweitert,1620
erweiterung,1621
erwerb,1622
erwerben,1623
erwerbend,1624
erwerber,1625
erwerbseinkommen,1626
erwerbstätig,1627
erwerbstätigkeit,1628
erworben,1629
erwähnt,1630
erzeugen,1631
erziehung,1632
erziehungsberechtigt,1633
erziehungsberechtigte,1634
erziehungsberechtigten,1635
erziehungsberechtigter,1636
erziehungsdepartement,1637
erziehungsdirektor,1638
erziehungsrat,1639
erzielen,1640
erzielt,1641
eröffnen,1642
eröffnung,1643
eröffnungsbilanz,1644
est,1645
etc,1646
ethisch,1647
etwaig,1648
europäisch,1649
evaluation,1650
eventuell,1651
examinator,1652
examinatore,1653
examinatorinn,1654
exemplar,1655
exkl,1656
experte,1657
experten,1658
expertin,1659
expertise,1660
explosionsgefährlich,1661
expropriationskommission,1662
extern,1663
fach,1664
fachausschuss,1665
fachbehörde,1666
fachbereich,1667
fachbereiche,1668
fachbereichen,1669
fachdirektorenkonferenz,1670
fachgebiet,1671
fachgerechen,1672
fachgerecht,1673
fachgespräch,1674
fachgruppe,1675
fachhochschule,1676
fachinstanz,1677
fachinstanze,1678
fachjury,1679
fachkenntnisse,1680
fachkommission,1681
fachkompetenz,1682
fachkonferenz,1683
fachkonferenze,1684
fachkundig,1685
fachleute,1686
fachlich,1687
fachmann,1688
fachmaturität,1689
fachmaturitätsschule,1690
fachmittelschulausweis,1691
fachorgan,1692
fachorganisation,1693
fachperso,1694
fachperson,1695
fachrichtung,1696
fachschule,1697
fachstelle,1698
fahndung,1699
fahrbahn,1700
fahren,1701
fahrleistung,1702
fahrlässig,1703
fahrplan,1704
fahrräd,1705
fahrt,1706
fahrzeug,1707
fahrzeughalter,1708
faktisch,1709
faktor,1710
fakultativ,1711
fakultät,1712
fallend,1713
fallzuteilung,1714
falsch,1715
familie,1716
familienangehöriger,1717
familienausgleichskasse,1718
familiengräber,1719
familienrecht,1720
familienrechtlich,1721
familienzulag,1722
familiär,1723
famzg,1724
fang,1725
farbe,1726
fassade,1727
fassen,1728
fasst,1729
fassung,1730
fehlbar,1731
fehlbaren,1732
fehlbetrag,1733
fehlen,1734
fehlend,1735
fehlerhaft,1736
fehlfunktion,1737
feiertag,1738
feiertage,1739
feld,1740
fenster,1741
ferien,1742
ferienanspruch,1743
ferientage,1744
fern,1745
fernbleibe,1746
fernbleiben,1747
ferndienstleistung,1748
ferner,1749
fernwärme,1750
fertigstellung,1751
festgehalten,1752
festgesetzt,1753
festgestellt,1754
festhalten,1755
festnahme,1756
festsetzen,1757
festsetzung,1758
feststehen,1759
feststellen,1760
feststellung,1761
festzulegend,1762
festzusetzen,1763
festzusetzend,1764
feuer,1765
feuerpolizei,1766
feuerpolizeilich,1767
feuerung,1768
feuerungsanlag,1769
feuerwehr,1770
feuerwerk,1771
film,1772
filmvorführung,1773
finanz,1774
finanzaufsicht,1775
finanzdepartement,1776
finanzhaushalt,1777
finanzhaushaltgesetz,1778
finanzhilfe,1779
finanziell,1780
finanzieren,1781
finanziert,1782
finanzierung,1783
finanzierungsbeitrag,1784
finanzkommission,1785
finanzkontrolle,1786
finanzplan,1787
finanzplanung,1788
finanzvermög,1789
finanzvermögen,1790
finanzverwaltung,1791
firma,1792
fisch,1793
fischerei,1794
fischergalg,1795
fliessen,1796
flughafen,1797
fluss,1798
fläche,1799
flüssig,1800
fms,1801
folge,1802
folgejahr,1803
folgekosten,1804
folgemonat,1805
folgende,1806
fonds,1807
fordern,1808
forderung,1809
format,1810
formel,1811
formell,1812
formlos,1813
formular,1814
formulieren,1815
formuliert,1816
forschung,1817
forschungseinrichtung,1818
forschungsprojekt,1819
forstlich,1820
fort,1821
fortbewegungsart,1822
fortbildung,1823
fortführung,1824
fortsetzen,1825
fortsetzung,1826
fossil,1827
fotografie,1828
fotokopie,1829
fragebogen,1830
fraglich,1831
fraktion,1832
franken,1833
frankreich,1834
französisch,1835
französisch-schweizerisch,1836
französische,1837
frau,1838
freibetrag,1839
freiburg,1840
freie,1841
freigabe,1842
freiheit,1843
freiheitsentziehend,1844
freiheitsentzug,1845
freiheitsstrafe,1846
freihändig,1847
freitag,1848
freiwillig,1849
freizeit,1850
freizeitgärt,1851
freizügigkeit,1852
fremd,1853
fremdkapital,1854
fremdsprachig,1855
friedhof,1856
friedhofwesen,1857
friedhöfe,1858
fristgerecht,1859
fristlos,1860
früh,1861
frühestens,1862
frühzeitig,1863
ftg,1864
fu-gericht,1865
fund,1866
fundament,1867
fundgegenstände,1868
funktion,1869
funktionsträger,1870
funktionsträgerinn,1871
fusion,1872
fuss,1873
fächer,1874
fächergruppe,1875
fähigkeit,1876
fähigkeitsausweis,1877
fähigkeitszeugnis,1878
fällig,1879
fälligkeit,1880
förder,1881
förderangebot,1882
förderangebote,1883
förderbedarf,1884
förderbeitrag,1885
fördermassnahme,1886
förderressource,1887
förderung,1888
förmlich,1889
führend,1890
führer,1891
führt,1892
führung,1893
führungsorgan,1894
fünftel,1895
fürsorge,1896
fürsorgerisch,1897
fürstentum,1898
gant,1899
garantie,1900
garantieleistung,1901
garantieren,1902
garten,1903
gas,1904
gast,1905
gastgewerbe,1906
gastgewerbegesetz,1907
gastgewerbeinspektorat,1908
gastronomie,1909
gasttaxe,1910
gasversorgung,1911
gaswerkareal,1912
gdk,1913
gebiet,1914
gebietsabgrenzungsplan,1915
gebietskörperschaft,1916
gebietskörperschafte,1917
geboten,1918
gebrannt,1919
gebrauch,1920
gebunden,1921
geburt,1922
geburtsdatum,1923
gebäude,1924
gebäudeeigentümer,1925
gebäudegruppe,1926
gebäudeteil,1927
gebäudeversicherung,1928
gebäudeversicherungsgesetz,1929
gebührend,1930
gebührenerhebung,1931
gebührenfrei,1932
gebührenordnung,1933
gebührenpflichtig,1934
gebührenrahmen,1935
gebührenschuldner,1936
gebührentarif,1937
gebührenverordnung,1938
gedeckt,1939
gefahr,1940
gefestigt,1941
gefordert,1942
gefährden,1943
gefährdend,1944
gefährdet,1945
gefährdung,1946
gefährlich,1947
gefördert,1948
geführt,1949
gegeben,1950
gegebenheit,1951
gegenleistung,1952
gegenpartei,1953
gegenseitig,1954
gegenvorschlag,1955
gegenwärtig,1956
gehalt,1957
geheim,1958
geheimhaltung,1959
geheimhaltungspflicht,1960
gehör,1961
gehören,1962
gehörend,1963
geistig,1964
gekennzeichnet,1965
gelangen,1966
geld,1967
geldleistung,1968
geldspiel,1969
geldstrafe,1970
geldwert,1971
gelegen,1972
gelegenheit,1973
geleise,1974
geleistet,1975
gelernt,1976
geliefert,1977
gelt,1978
geltendmachung,1979
geltung,1980
geltungsdauer,1981
gelände,1982
gemacht,1983
gemeindebehörd,1984
gemeindebehörde,1985
gemeindebürgerrecht,1986
gemeindegebiet,1987
gemeindegesetz,1988
gemeindeordnung,1989
gemeinderat,1990
gemeindeversammlung,1991
gemeindeverwaltung,1992
gemeingebrauch,1993
gemeinnützig,1994
gemeinschaft,1995
gemeinschaftlich,1996
gemeinwesen,1997
gemeldet,1998
gemessen,1999
gemischt,2000
genau,2001
genehmigend,2002
genehmigt,2003
generalsekretariat,2004
generalversammlung,2005
generell,2006
genommen,2007
genossenschaft,2008
genutzt,2009
genügen,2010
genügend,2011
geobasisdat,2012
geodat,2013
geoinformation,2014
geoinformationsgesetz,2015
geordnet,2016
geplant,2017
geprüft,2018
geregelt,2019
gerichtet,2020
gerichtlich,2021
gerichtsbehörde,2022
gerichtsgebühre,2023
gerichtsorganisationsgesetz,2024
gerichtspersonal,2025
gerichtspräsident,2026
gerichtsrat,2027
gerichtsschreiber,2028
gerichtsschreiberinn,2029
gerichtsverfahren,2030
gerichtsverhandlung,2031
gering,2032
geringfügig,2033
gerät,2034
gesamtarbeitsvertrag,2035
gesamtbetrag,2036
gesamtgericht,2037
gesamthaft,2038
gesamtheit,2039
gesamtkonferenz,2040
gesamtkoste,2041
gesamtschweizerisch,2042
gesamtverantwortung,2043
gesamtzahl,2044
geschaffen,2045
geschehen,2046
geschichte,2047
geschieden,2048
geschlecht,2049
geschlossen,2050
geschossfläche,2051
geschuldet,2052
geschwister,2053
geschädigt,2054
geschäftlich,2055
geschäftsabschluss,2056
geschäftsbericht,2057
geschäftsbetrieb,2058
geschäftsführend,2059
geschäftsführung,2060
geschäftsgang,2061
geschäftsinhaber,2062
geschäftsjahr,2063
geschäftsleitung,2064
geschäftsmässig,2065
geschäftsordnung,2066
geschäftsprüfungskommission,2067
geschäftsreglement,2068
geschäftsstelle,2069
geschäftstätigkeit,2070
geschäftsverkehr,2071
geschätzt,2072
geschützt,2073
gesellschaft,2074
gesellschaftlich,2075
gesetzgebung,2076
gesetzt,2077
gesg,2078
gesichert,2079
gesichtspunkt,2080
gesondert,2081
gespräch,2082
gestalt,2083
gestalten,2084
gestaltung,2085
gestatten,2086
gestellt,2087
gestützt,2088
gesuche,2089
gesuchen,2090
gesuchseinreichung,2091
gesuchstellend,2092
gesuchstellende,2093
gesuchsteller,2094
gesuchstellung,2095
gesund,2096
gesundheit,2097
gesundheitlich,2098
gesundheitsberufe,2099
gesundheitsdepartement,2100
gesundheitsgesetz,2101
gesundheitspolizeilich,2102
gesundheitsversorgung,2103
gesundheitswesen,2104
getrennt,2105
getroffen,2106
getränk,2107
getätigt,2108
gewahrsam,2109
gewalt,2110
gewerbe,2111
gewerbeschule,2112
gewerblich,2113
gewerbsmässig,2114
gewicht,2115
gewichtung,2116
gewinn,2117
gewinnorientiert,2118
gewinnsteuer,2119
gewinnung,2120
geworden,2121
gewählt,2122
gewähr,2123
gewährleistung,2124
gewährt,2125
gewässer,2126
gewässerschutz,2127
gewässerschutzamt,2128
gewässerschutzgesetzgebung,2129
gewöhnlich,2130
gewünscht,2131
gezielt,2132
geändert,2133
gkv,2134
glaube,2135
glaubhaft,2136
gleichbehandlung,2137
gleichberechtigt,2138
gleiche,2139
gleichgestellt,2140
gleichlautend,2141
gleichmässig,2142
gleichstellen,2143
gleichstellung,2144
gleichstellungsgesetz,2145
gleichstellungskommission,2146
gleichwertig,2147
gleichwertigkeit,2148
gliedern,2149
gliederung,2150
globalbeitrag,2151
globalbudget,2152
globalkredit,2153
gläubiger,2154
gmbh,2155
gog,2156
gottesacker,2157
gouvernement,2158
grab,2159
grabarbeit,2160
grabarte,2161
grabmäler,2162
grad,2163
grb,2164
gremium,2165
grenze,2166
grenzgänger,2167
grenzregulierungsplan,2168
grenzwert,2169
grenzüberschreitend,2170
grob,2171
grobfahrlässig,2172
grossherzoglich,2173
grossherzoglich-badisch,2174
grossherzogtum,2175
grossratsbeschluss,2176
grossratsbeschluß,2177
grossverbraucher,2178
grundangebot,2179
grundausbildung,2180
grundbesitz,2181
grundbetrag,2182
grundbildung,2183
grundbuch,2184
grundbuchamt,2185
grundbucheintrag,2186
grundeigentum,2187
grundeigentümer,2188
grundeigentümerinne,2189
grundeigentümerschaft,2190
grundgebühr,2191
grundkapital,2192
grundlast,2193
grundlasten,2194
grundlegend,2195
grundpfand,2196
grundpfandrecht,2197
grundpreis,2198
grundrecht,2199
grundstück,2200
grundstückgewinnsteuer,2201
grundstücksfläche,2202
grundstücksgrenze,2203
grundversorgung,2204
grundwasser,2205
gruppe,2206
gruppierung,2207
gräber,2208
grös,2209
gröss,2210
grösser,2211
grünanlage,2212
gründen,2213
gründung,2214
grünfläch,2215
gunst,2216
gut,2217
gutachten,2218
gutgeschrieben,2219
gutschrift,2220
gymnas,2221
gymnasial,2222
gymnasien,2223
gymnasium,2224
gänzlich,2225
gärtnerisch,2226
gültig,2227
gültigkeit,2228
gültigkeitsdauer,2229
günstig,2230
güterbahnhof,2231
güterumschlag,2232
haager,2233
hafen,2234
hafenabgabe,2235
hafenanlag,2236
hafenbahn,2237
hafengebiet,2238
hafenordnung,2239
haft,2240
haftbar,2241
haften,2242
haftpflicht,2243
haftpflichtversicherung,2244
haftung,2245
haftungsgesetz,2246
halb,2247
halbtag,2248
halbtägig,2249
halter,2250
haltestelle,2251
haltung,2252
hand,2253
hande,2254
handel,2255
handeln,2256
handelnd,2257
handelsregister,2258
handelt,2259
handen,2260
handgelübde,2261
handhabung,2262
handlung,2263
handlungsfähig,2264
handlungsfähigkeit,2265
handänderunge,2266
handänderungssteuer,2267
harmonisierung,2268
harmonisierungsgesetz,2269
hauptsache,2270
hauptsächlich,2271
haus,2272
haushalt,2273
haushaltseinheit,2274
hausinstallation,2275
hausinstallatione,2276
hausordnung,2277
hauswirtschaft,2278
hauswirtschaftlich,2279
heben,2280
hecke,2281
heilmittel,2282
heilpädagogik,2283
heim,2284
heimatkanton,2285
heime,2286
heirat,2287
heizung,2288
heizwert,2289
herabsetzen,2290
herausgabe,2291
herausgeben,2292
herbstmesse,2293
herkunft,2294
herr,2295
herstellen,2296
herstellung,2297
hervorgehen,2298
hervorragend,2299
hiefür,2300
hierauf,2301
hierbei,2302
hierfür,2303
hiervor,2304
hierzu,2305
hierüber,2306
hiesig,2307
hievon,2308
hievor,2309
hiezu,2310
hilfe,2311
hilfeleistung,2312
hilfeplan,2313
hilflosenentschädigung,2314
hilfsmittel,2315
hilfsperson,2316
hinaus,2317
hinausgehen,2318
hinausgehend,2319
hinblick,2320
hindernis,2321
hingegen,2322
hinreichend,2323
hinsicht,2324
hinsichtlich,2325
hinterlassen,2326
hinterlassenenversicherung,2327
hinterlegen,2328
hinterlegt,2329
hinterlegung,2330
hinweis,2331
hinweisen,2332
historisch,2333
hmg,2334
hochbau,2335
hochbaut,2336
hochbautengesetz,2337
hochschule,2338
hochschulkonferenz,2339
hoheitlich,2340
hoheitsgebiet,2341
holen,2342
holz,2343
honorar,2344
hund,2345
hunde,2346
hundegesetz,2347
hundehalter,2348
hygiene,2349
hygienisch,2350
hypothek,2351
hypothetisch,2352
hälfte,2353
hälftig,2354
hängig,2355
härte,2356
härtefall,2357
häufig,2358
höchstbetrag,2359
höchstzahl,2360
hören,2361
hörnli,2362
identifikator,2363
identität,2364
idg,2365
ifeg,2366
ihp,2367
iii,2368
immatrikuliert,2369
immission,2370
immobilie,2371
immobiliengremium,2372
impropriation,2373
ims,2374
inanspruchnahme,2375
inbegriffen,2376
inbetriebnahme,2377
index,2378
indirekt,2379
individuell,2380
industrie,2381
industriell,2382
industriellen,2383
informatik,2384
informatiksystem,2385
information,2386
informationsaustausch,2387
informationspflicht,2388
informationssicherheit,2389
informationssystem,2390
informationsträger,2391
informell,2392
infrastruktur,2393
inhaber,2394
inhaberinne,2395
inhaltlich,2396
initiative,2397
inkasso,2398
inkassomassnahme,2399
inkassostelle,2400
inkl,2401
inklusive,2402
inkraftsetzung,2403
inland,2404
inländisch,2405
innen,2406
innenstadt,2407
inner,2408
innere,2409
innerer,2410
innerkantonal,2411
innerstaatlich,2412
innovation,2413
insgesamt,2414
insolvenzentschädigung,2415
insoweit,2416
inspektion,2417
installation,2418
installationsbewilligung,2419
installieren,2420
instandhaltung,2421
instandsetzung,2422
instanz,2423
institut,2424
institution,2425
institutionell,2426
institutsleitung,2427
instruktion,2428
instruktionsrichter,2429
instrument,2430
integration,2431
integrationsgesetz,2432
integrativ,2433
integrieren,2434
integriert,2435
integrität,2436
intelligent,2437
intensiv,2438
interdisziplinär,2439
interessenbindung,2440
interessenbindungen,2441
interessiert,2442
interkantonale,2443
intern,2444
international,2445
internet,2446
internetseite,2447
interparlamentarisch,2448
invalid,2449
invalidenhilfe,2450
invalidenversicherung,2451
invalidenvorsorge,2452
invalidität,2453
inventar,2454
inventaraufnahme,2455
investition,2456
investitionsbeitrag,2457
investitionskoste,2458
investitionsrechnung,2459
involviert,2460
inwieweit,2461
irv,2462
israelitisch,2463
isv,2464
iv-stell,2465
iv-stelle,2466
ivg,2467
ivse,2468
ivöb,2469
iwb,2470
iwb-gesetz,2471
jagd,2472
jagdaufsicht,2473
jahresarbeitszeitmodell,2474
jahresbericht,2475
jahresende,2476
jahresgewinn,2477
jahreslektion,2478
jahreslohn,2479
jahresrechnung,2480
jahresumsatz,2481
jakob,2482
jedenfalls,2483
jeglicher,2484
jeweilen,2485
johann,2486
jstpo,2487
jugend,2488
jugendanwalt,2489
jugendanwaltschaft,2490
jugendanwälte,2491
jugendanwältinn,2492
jugenddienst,2493
jugendgericht,2494
jugendgesetz,2495
jugendhilfe,2496
jugendliche,2497
jugendstrafprozessordnung,2498
jugendstrafrechtlich,2499
jung,2500
jura,2501
juristisch,2502
justiz,2503
justizvollzug,2504
kammer,2505
kanal,2506
kanalisation,2507
kanalisatione,2508
kanalisationsbegehr,2509
kanalisationsbewilligung,2510
kanalisationsnetz,2511
kandidat,2512
kandidatinne,2513
kantonalbank,2514
kantonale,2515
kantonalen,2516
kantonaler,2517
kantonales,2518
kantone,2519
kantonsapotheker,2520
kantonsarzt,2521
kantonsbeitrag,2522
kantonsblatt,2523
kantonsbürgerrecht,2524
kantonsgebiet,2525
kantonsgrenze,2526
kantonspolizei,2527
kantonsregierung,2528
kantonsstrasse,2529
kantonstierarzt,2530
kantonstierärztin,2531
kantonsverfassung,2532
kanzlei,2533
kapazität,2534
kapelle,2535
kapital,2536
kapitalanlage,2537
kapitalerhöhung,2538
kapitalleistung,2539
kapitel,2540
kasse,2541
kataster,2542
katastrophe,2543
kategorie,2544
kauf,2545
kaufmännisch,2546
kaufpreis,2547
kaution,2548
kehrichtverwertungsanlage,2549
kennen,2550
kenntnisnahme,2551
kennzeichnen,2552
kennzeichnung,2553
kesb,2554
kesg,2555
kgeoig,2556
kind,2557
kinder,2558
kinderbetreuung,2559
kindergarten,2560
kindergärte,2561
kindertagesstätte,2562
kindes,2563
kindesanhörung,2564
kindesvertretung,2565
kirche,2566
kirchlich,2567
kjg,2568
kkjpd,2569
klage,2570
klar,2571
klasse,2572
klassifizierung,2573
klein,2574
kleinbasel,2575
kleinhüning,2576
klima,2577
klinik,2578
klinisch,2579
klären,2580
knüpfen,2581
kollektiv,2582
kollektivstreitigkeit,2583
kombiniert,2584
kommen,2585
kommend,2586
kommerziell,2587
kommissionsmitglied,2588
kommunal,2589
kommunikation,2590
kompensation,2591
kompensieren,2592
komplementärmedizin,2593
komplex,2594
kompliziert,2595
kondition,2596
konferenz,2597
konferenzmitglieder,2598
konflikt,2599
konkordat,2600
konkret,2601
konkretisieren,2602
konkurs,2603
konkursamt,2604
konsolidiert,2605
konstituieren,2606
konstituierung,2607
konsultation,2608
konsultieren,2609
konsum,2610
konsumentenpreise,2611
kontakt,2612
kontaktperson,2613
konto,2614
kontroll,2615
kontrollieren,2616
kontrolliert,2617
kontrollkarte,2618
kontrollorgan,2619
kontrollorgane,2620
kontrollschild,2621
kontrollschilder,2622
kontrollstelle,2623
kontrollsystem,2624
kontrolltätigkeit,2625
konzept,2626
konzession,2627
konzessioniert,2628
konzessionsgebühr,2629
kooperation,2630
koordinationspflicht,2631
koordinationsstell,2632
koordinationsstelle,2633
koordinieren,2634
koordiniert,2635
kopie,2636
korrekt,2637
korrektur,2638
korrespondenz,2639
kostenanteil,2640
kostenbeitrag,2641
kostenbeteiligung,2642
kostendeckend,2643
kostengünstig,2644
kostenlos,2645
kostenpflichtig,2646
kostentragung,2647
kostenvoranschlag,2648
kostenvorschuss,2649
kostenvorschuß,2650
kostenübernahme,2651
kostenübernahmegarantie,2652
krank,2653
kranke,2654
krankenkasse,2655
krankenpfleg,2656
krankenpflegeversicherung,2657
krankenversicherung,2658
krankheit,2659
kredit,2660
kreditübertragung,2661
kreis,2662
kremation,2663
krematorium,2664
kreuz,2665
kriminalkommissär,2666
kriminalpolizei,2667
krisenorganisation,2668
kriterium,2669
kultur,2670
kulturell,2671
kulturfördergesetz,2672
kulturförderung,2673
kulturgüter,2674
kulturgüterschutz,2675
kumulativ,2676
kunde,2677
kundenwechsel,2678
kundin,2679
kundschaft,2680
kunst,2681
kurs,2682
kursgebühr,2683
kursgeld,2684
kursteilnehmend,2685
kurz,2686
kurzfristig,2687
kva,2688
kvg,2689
kwh,2690
können,2691
körperlich,2692
körperschaft,2693
kündbar,2694
kündigungsfrist,2695
künftig,2696
künstlerisch,2697
kürzen,2698
kürzung,2699
laboratorie,2700
laboratorium,2701
laden,2702
ladung,2703
lag,2704
lage,2705
lager,2706
lagern,2707
lagerung,2708
land,2709
landabtretung,2710
landesgrenze,2711
landesindex,2712
landgemeinde,2713
landgemeinden,2714
landkreis,2715
landrat,2716
landschaft,2717
landschaftsbild,2718
landschaftsschutz,2719
landwert,2720
landwirtschaft,2721
landwirtschaftlich,2722
lang,2723
langfristig,2724
langzeitpflege,2725
lastenausgleich,2726
lauf,2727
laufen,2728
laufzeit,2729
laut,2730
lauten,2731
leben,2732
lebend,2733
lebensbedarf,2734
lebensbereich,2735
lebensdauer,2736
lebensgemeinschaft,2737
lebenshaltungskosten,2738
lebensjahr,2739
lebensmittel,2740
lebensraum,2741
lediglich,2742
leer,2743
lehr,2744
lehrauftrag,2745
lehrbetrieb,2746
lehrbetriebe,2747
lehrdiplom,2748
lehre,2749
lehrer,2750
lehrgang,2751
lehrkraft,2752
lehrkräft,2753
lehrling,2754
lehrmeister,2755
lehrmittel,2756
lehrperson,2757
lehrpersone,2758
lehrpersonenteam,2759
lehrplan,2760
lehrvertrag,2761
lehrwerkstätt,2762
leib,2763
leiche,2764
leicht,2765
leistend,2766
leistungsabgeltung,2767
leistungsauftrag,2768
leistungsauftragsperiode,2769
leistungsbereich,2770
leistungsbewertung,2771
leistungsbezug,2772
leistungserbringend,2773
leistungserbringende,2774
leistungserbringenden,2775
leistungserbringer,2776
leistungserbringung,2777
leistungserhebung,2778
leistungsfähig,2779
leistungsfähigkeit,2780
leistungsmessung,2781
leistungsnachweis,2782
leistungstest,2783
leistungsvereinbarung,2784
leistungszug,2785
leitbild,2786
leitend,2787
leitende,2788
leitenden,2789
leiter,2790
leiterinn,2791
leitungsführung,2792
leitungsperson,2793
leitungstunnel,2794
lektion,2795
lenkungsabgabe,2796
lenkungsausschuss,2797
lernberichte,2798
lernen,2799
lernend,2800
lernende,2801
lernziel,2802
lernziele,2803
les,2804
letzterer,2805
letztwillig,2806
leumund,2807
leur,2808
licht,2809
lichteinfallswinkel,2810
liechtenstein,2811
lieferant,2812
lieferbedingunge,2813
liefern,2814
lieferung,2815
liegend,2816
liegenschaft,2817
liegenschaftskost,2818
liegt,2819
linear,2820
linie,2821
liquidation,2822
liste,2823
logopädie,2824
lohn,2825
lohnabrechnung,2826
lohnanspruch,2827
lohngesetz,2828
lohngleichheit,2829
lohnklas,2830
lohnklasse,2831
lohnklaß,2832
lohnsumme,2833
lohnzahlung,2834
lokal,2835
lose,2836
lotterie,2837
luftfahrzeug,2838
luftreinhalte-verordnung,2839
luzern,2840
länge,2841
längerfristig,2842
längstens,2843
lärm,2844
lässt,2845
lörrach,2846
löschen,2847
löschung,2848
lösen,2849
lösung,2850
lüftung,2851
mahnen,2852
mahngebühre,2853
mahnung,2854
mal,2855
mandat,2856
mangel,2857
mangelhaft,2858
mangels,2859
mann,2860
markt,2861
maschine,2862
mass,2863
masse,2864
massgeblich,2865
massnahme,2866
massnahmenvollzug,2867
massstab,2868
master,2869
material,2870
materiallagerplätze,2871
materiell,2872
materielle,2873
mathematik,2874
maturaarbeit,2875
maturität,2876
maturitätsausweis,2877
maturitätsausweise,2878
maturitätskurse,2879
maturitätsnot,2880
maturitätsprüfung,2881
maturitätsschul,2882
mauer,2883
max,2884
maximum,2885
medbg,2886
mediation,2887
medienkommission,2888
medium,2889
medizin,2890
medizinalberufe,2891
medizinisch,2892
mehrbetrag,2893
mehrheit,2894
mehrheitlich,2895
mehrjährig,2896
mehrkosten,2897
mehrwert,2898
mehrwertabgabe,2899
mehrwertsteuer,2900
meinung,2901
meinungsverschiedenheit,2902
meister,2903
melde,2904
meldepflicht,2905
meldepflichte,2906
meldepflichtig,2907
meldestelle,2908
meldeverfahr,2909
meldeverfahren,2910
menge,2911
mensch,2912
merian,2913
merkmal,2914
messdat,2915
messe,2916
messeinrichtung,2917
messen,2918
messmittel,2919
messpunkt,2920
messsystem,2921
messung,2922
messwesen,2923
meter,2924
methode,2925
methodik,2926
miet,2927
mietbeitrag,2928
miete,2929
mieter,2930
mieterinn,2931
mieterschaft,2932
mietobjekt,2933
mietreglement,2934
mietstreitigkeite,2935
mietverhältnis,2936
mietvertrag,2937
mietwohnraum,2938
mietzin,2939
mietzinse,2940
migrant,2941
migrantinnen,2942
migration,2943
migrationsamt,2944
migrationsbehörde,2945
migrationsbevölkerung,2946
militär,2947
milizfeuerwehr,2948
million,2949
mind,2950
minderjährig,2951
minderjährige,2952
mindestalter,2953
mindestlohn,2954
minimal,2955
minimum,2956
ministerium,2957
minute,2958
mio,2959
missachtung,2960
missbrauch,2961
missbräuchlich,2962
mitarbeit,2963
mitarbeitend,2964
mitarbeitende,2965
mitarbeitendengespräche,2966
mitarbeiter,2967
mitbenützung,2968
miteinander,2969
mitfinanzieren,2970
mitgliedschaft,2971
mitgliedstaat,2972
mithilfe,2973
mitsprache,2974
mitspracherecht,2975
mitte,2976
mittel,2977
mittelbar,2978
mittelfristig,2979
mittelschule,2980
mittlerer,2981
mitwirken,2982
mitwirkend,2983
mitwirkungspflicht,2984
mitwirkungspflichte,2985
mitwirkungsrecht,2986
mobil,2987
mobiliar,2988
mobilie,2989
mobilität,2990
modalität,2991
modell,2992
modellkost,2993
monatlich,2994
monatslohn,2995
montag,2996
montage,2997
motorfahrräder,2998
motorfahrzeug,2999
motorfahrzeugprüfstation,3000
motorfahrzeugverkehr,3001
motorräder,3002
multiplikation,3003
museum,3004
museumsgesetz,3005
musik,3006
mutmasslich,3007
mutterschaftsurlaub,3008
mwst,3009
möglich,3010
möglichst,3011
münchenstein,3012
mündig,3013
mündlich,3014
nachbar,3015
nachbarkanton,3016
nachbarschaft,3017
nachdiplomstudie,3018
nachfrist,3019
nachführung,3020
nachgeordnet,3021
nachgewiesen,3022
nachhaltig,3023
nachhaltigkeit,3024
nachholbildung,3025
nachkomme,3026
nachkommen,3027
nachkontrolle,3028
nachprüfung,3029
nachstehend,3030
nachsteuer,3031
nacht,3032
nachtarbeit,3033
nachteil,3034
nachtrag,3035
nachtragskredit,3036
nachträglich,3037
nachvollziehbar,3038
nachweis,3039
nachweisbar,3040
nachweise,3041
nachweisen,3042
nachweislich,3043
nachzahlung,3044
nah,3045
nahestehend,3046
namensnennung,3047
national,3048
nationalstrasse,3049
natur,3050
naturnah,3051
naturschutz,3052
natürlich,3053
nebenamtlich,3054
nebenanlag,3055
nebenkosten,3056
nebenprodukt,3057
nebst,3058
negativ,3059
nennen,3060
netz,3061
netzanschluss,3062
netzanschlüsse,3063
netzanschlüssen,3064
netzebene,3065
netztechnisch,3066
neuanlage,3067
neubau,3068
neuberechnung,3069
neuregelung,3070
neuwahl,3071
neuwert,3072
nichtbeförderung,3073
nichteinhaltung,3074
nichterwerbstätig,3075
nichtstaatlich,3076
niedergelassen,3077
niederkunft,3078
niederlassung,3079
niederlassungsbewilligung,3080
niedrig,3081
niveau,3082
nordwest,3083
nordwestschweiz,3084
nordwestschweizer,3085
norm,3086
normal,3087
normalarbeitsvertrag,3088
notar,3089
notariatsaufsichtskommission,3090
notariatsgesetz,3091
notariell,3092
notarinn,3093
note,3094
notenabweichung,3095
notfall,3096
notlage,3097
notwendigkeit,3098
nummer,3099
nutzbar,3100
nutzbarmachung,3101
nutzen,3102
nutzer,3103
nutzerinn,3104
nutzniessung,3105
nutzunge,3106
nutzungsbedingung,3107
nutzungsberechtigt,3108
nutzungsbewilligung,3109
nutzungsdauer,3110
nutzungsgebühr,3111
nutzungsgebühre,3112
nutzungsgesuch,3113
nutzungsplan,3114
nutzungsplanung,3115
nutzungsplän,3116
nutzungsrecht,3117
nutzungsänderung,3118
nächster,3119
nähe,3120
nähere,3121
nämlich,3122
nörg,3123
nörv,3124
nötigenfall,3125
nützlich,3126
ober,3127
oberaufsicht,3128
oberaufsichtskommission,3129
oberer,3130
oberhalb,3131
oberrhein,3132
obhut,3133
objekt,3134
objektiv,3135
obliegend,3136
obliegenheit,3137
obligation,3138
obligationenrecht,3139
obligatorisch,3140
obmann,3141
offen,3142
offenlegung,3143
offensichtlich,3144
offerte,3145
offiziell,3146
ohg,3147
ombudsfrau,3148
ombudsman,3149
ombudsmann,3150
ombudsstelle,3151
operativ,3152
opfer,3153
opferhilfe,3154
optimal,3155
ordnen,3156
ordnung,3157
ordnungsbusse,3158
ordnungsbussen,3159
ordnungsbussenverfahren,3160
ordnungsbuß,3161
ordnungsgemäss,3162
ordnungsnummer,3163
organisationseinheit,3164
organisationsreglement,3165
organisatorisch,3166
organisch,3167
organisieren,3168
organisiert,3169
orientieren,3170
orientierung,3171
orientierungsschule,3172
original,3173
ortsbildkommission,3174
ortsfest,3175
ortsüblich,3176
p-zug,3177
paar,3178
pacht,3179
pachtvertrag,3180
papier,3181
par,3182
paritätisch,3183
parkgarage,3184
parkhäuser,3185
parkier,3186
parkieren,3187
parkkart,3188
parkkarte,3189
parkplatz,3190
parlament,3191
parlamentarisch,3192
parlamente,3193
parlamentsdienst,3194
parlamentszone,3195
parteientschädigung,3196
parteivertreter,3197
parteivertretung,3198
partner,3199
partnerinne,3200
partnerschaft,3201
partnerschaftlich,3202
parzell,3203
parzelle,3204
passerelle-lehrgang,3205
passive,3206
passt,3207
patent,3208
patenten,3209
patient,3210
patientinn,3211
pauschal,3212
pauschalbeitrag,3213
pauschalbetrag,3214
pauschale,3215
pause,3216
pavo,3217
pendant,3218
pension,3219
pensionierung,3220
pensionskasse,3221
pensionskassengesetz,3222
pensum,3223
periode,3224
personal,3225
personalabteilung,3226
personalausschuss,3227
personalausschuß,3228
personalchef,3229
personaldienst,3230
personalgeschäft,3231
personalgesetz,3232
personalie,3233
personalkosten,3234
personalrecht,3235
personalrechtlich,3236
personalreglement,3237
personalrekurskommission,3238
personalverbände,3239
persone,3240
personell,3241
personenbahnhof,3242
personenbezogen,3243
personendat,3244
personendate,3245
personendaten,3246
personendatum,3247
personenwag,3248
persönlichkeit,3249
persönlichkeitsrecht,3250
pfand,3251
pfandrecht,3252
pfandtitel,3253
pflanze,3254
pflege,3255
pflegebedürftig,3256
pflegefachperson,3257
pflegefamili,3258
pflegeheime,3259
pflegeheimliste,3260
pflegekind,3261
pflegekinder,3262
pflegen,3263
pflichtenheft,3264
pflichtig,3265
pflichtlektionenzahl,3266
pflichtverletzung,3267
phase,3268
physisch,3269
pikett,3270
pikettdienst,3271
pilotversuch,3272
pkbs,3273
plakat,3274
plan,3275
planauflage,3276
planen,3277
planend,3278
planung,3279
planungsgesetz,3280
planungsverordnung,3281
plattform,3282
platz,3283
platzierung,3284
plenarkonferenz,3285
plenarversammlung,3286
plenum,3287
plus,3288
polg,3289
politisch,3290
polizei,3291
polizeidepartement,3292
polizeigesetz,3293
polizeigewahrsam,3294
polizeikorps,3295
polizeikräft,3296
polizeilich,3297
polizist,3298
polizistinn,3299
polv,3300
position,3301
positiv,3302
post,3303
potentiell,3304
pour,3305
pourra,3306
praktika,3307
praktikum,3308
praktisch,3309
praxis,3310
preis,3311
preisgünstig,3312
primarschul,3313
primarschule,3314
primarstuf,3315
primarstufe,3316
primär,3317
prinzip,3318
privatareal,3319
private,3320
privatperson,3321
privatrechtlich,3322
privatschule,3323
privatvermög,3324
probezeit,3325
problem,3326
produkt,3327
professionell,3328
professur,3329
programm,3330
projekt,3331
projektierung,3332
promotion,3333
proportional,3334
protokoll,3335
protokollieren,3336
provisorisch,3337
prozent,3338
prozentpunkt,3339
prozentsatz,3340
prozentual,3341
prozess,3342
prozessführung,3343
prozeß,3344
prädikat,3345
prämie,3346
prämiengruppe,3347
prämienverbilligung,3348
präsentation,3349
präsenzzeit,3350
präsidentinn,3351
präsidialdepartement,3352
präsidienkonferenz,3353
präsidium,3354
prävention,3355
prüfungsbehörde,3356
prüfungsfächer,3357
prüfungsgebühr,3358
prüfungsgespräch,3359
prüfungskommission,3360
prüfungsleistung,3361
prüfungsleitung,3362
prüfungsnot,3363
prüfungsreglement,3364
prüfungsstoff,3365
prüfungsverfahr,3366
psychiatrisch,3367
psychisch,3368
psychologie,3369
psychomotorik,3370
psyg,3371
publikationsorgan,3372
publiziert,3373
pumpe,3374
punkt,3375
pächter,3376
pädagogik,3377
pädagogisch,3378
qualifikation,3379
qualifikationsverfahre,3380
qualifikationsverfahren,3381
qualifizieren,3382
qualifiziert,3383
qualitativ,3384
qualität,3385
qualitätsmanagement,3386
qualitätssicherung,3387
qualitätssicherungssystem,3388
quartal,3389
quartier,3390
quartierparking,3391
que,3392
quelle,3393
quellensteuer,3394
qui,3395
rahmenbedingung,3396
rahmenvereinbarung,3397
rappe,3398
rasch,3399
rata,3400
rate,3401
rationell,3402
ratsbüro,3403
ratschlag,3404
ratsmitglied,3405
ratsmitglieder,3406
rauchen,3407
raum,3408
raumplanung,3409
rayonverbot,3410
realisieren,3411
rechenschaft,3412
rechenschaftsbericht,3413
rechnen,3414
rechnungsjahr,3415
rechnungslegung,3416
rechnungsstellung,3417
rechnungswesen,3418
rechtfertigen,3419
rechtlich,3420
rechtmässig,3421
rechtmässigkeit,3422
rechtsanspruch,3423
rechtsetzend,3424
rechtsform,3425
rechtsgeschäft,3426
rechtsgrundlag,3427
rechtsgültig,3428
rechtshilfe,3429
rechtskraft,3430
rechtskräftig,3431
rechtsmittelbelehrung,3432
rechtsmittelverfahr,3433
rechtsmittelverfahren,3434
rechtsordnung,3435
rechtspersönlichkeit,3436
rechtspfleg,3437
rechtsprechung,3438
rechtsschutz,3439
rechtsstellung,3440
rechtsträger,3441
rechtsverhältnis,3442
rechtsweg,3443
rechtswidrig,3444
reduktion,3445
reduzieren,3446
reduziert,3447
referendum,3448
referendumsfrist,3449
referent,3450
regalgebühr,3451
regenz,3452
regierungspräsident,3453
regierungspräsidium,3454
regierungsratsbeschluss,3455
regierungsrätlich,3456
region,3457
regional,3458
regionalkonferenz,3459
register,3460
registratur,3461
registrieren,3462
registriert,3463
registrierung,3464
reglemente,3465
regulär,3466
reichen,3467
reihenfolge,3468
rein,3469
reingewinn,3470
reinigen,3471
reinigung,3472
reise,3473
reisend,3474
reklam,3475
reklamation,3476
reklamereiter,3477
rektor,3478
rektorat,3479
rektorinn,3480
rekurrieren,3481
rekursbegründung,3482
rekurse,3483
rekursfrist,3484
rekursinstanz,3485
rekurskommission,3486
rekursrecht,3487
rekursverfahren,3488
relativ,3489
relevant,3490
religionsgemeinschaft,3491
religionsunterricht,3492
religiös,3493
remotion,3494
renovation,3495
rente,3496
rentner,3497
reparatur,3498
reproduktion,3499
republik,3500
reserve,3501
reservefond,3502
resp,3503
respektive,3504
ressource,3505
rest,3506
restaurant,3507
restaurationsbetrieb,3508
restlich,3509
resultat,3510
rettung,3511
revidieren,3512
revidiert,3513
revierförster,3514
revision,3515
revisionsbericht,3516
revisionsstelle,3517
rhein,3518
rhein-km,3519
rheinhafe,3520
rheinhafen,3521
rheinhäfe,3522
rheinschiffahrt,3523
rheinschifffahrtsdirektion,3524
rhin,3525
richter,3526
richterinn,3527
richterlich,3528
richtig,3529
richtigkeit,3530
richtplan,3531
richtung,3532
rieh,3533
riehe,3534
riehenteich,3535
risiko,3536
risikobeitrag,3537
risikoklasse,3538
risikomanagement,3539
roche,3540
rot,3541
rrb,3542
rsa,3543
ruhe,3544
ruhetag,3545
ruhetage,3546
ruhezeit,3547
räumen,3548
räumlich,3549
räumlichkeit,3550
räumung,3551
rückerstattung,3552
rückforderung,3553
rückgabe,3554
rückgriff,3555
rückkauf,3556
rückkehr,3557
rücklage,3558
rücksicht,3559
rücksprache,3560
rückstellung,3561
rückständ,3562
rücktritt,3563
rückwirkend,3564
rückzahlung,3565
rückzuerstatten,3566
rückzug,3567
sach,3568
sachenrecht,3569
sachgerecht,3570
sachkommission,3571
sachkompetenz,3572
sachlich,3573
sachverhalt,3574
sachverhalte,3575
sachverständig,3576
sachverständige,3577
sammeln,3578
sammelstell,3579
sammlung,3580
samstag,3581
samt,3582
sanierung,3583
sanierungsmassnahme,3584
sanitär,3585
sanität,3586
sanitätsdirektorenkonferenz,3587
sanktion,3588
sarg,3589
sbb,3590
schaden,3591
schadenersatz,3592
schaffen,3593
schaffhausen,3594
schaffung,3595
schatzung,3596
scheiden,3597
scheidung,3598
scheitern,3599
schenkung,3600
schenkunge,3601
schenkungssteuer,3602
schiedsgericht,3603
schiedsgerichtlich,3604
schiedsrichter,3605
schiedsspruch,3606
schiff,3607
schiffahrt,3608
schifffahrt,3609
schiffsführer,3610
schild,3611
schlagen,3612
schlammbehandlungsanlage,3613
schlecht,3614
schlichtungsbehörde,3615
schlichtungsstelle,3616
schlichtungsverfahr,3617
schliessen,3618
schliesst,3619
schliessung,3620
schließen,3621
schluss,3622
schlussbestimmungen,3623
schmutzwasser,3624
schonzone,3625
schreiben,3626
schreiber,3627
schrift,3628
schriftenwechsel,3629
schritt,3630
schul,3631
schulabkommen,3632
schulanläss,3633
schulanläß,3634
schulbesuch,3635
schulbesuche,3636
schulbetrieb,3637
schulbibliotheken,3638
schuld,3639
schuldbetreibung,3640
schulden,3641
schuldner,3642
schuldzinse,3643
schule,3644
schulen,3645
schulextern,3646
schulgeld,3647
schulgesetz,3648
schulintern,3649
schulisch,3650
schuljahr,3651
schulklasse,3652
schulkommission,3653
schulkonferenz,3654
schullaufbahn,3655
schullaufbahnverordnung,3656
schulleitung,3657
schulleitungsmitglieder,3658
schulmaterial,3659
schulordnung,3660
schulpflicht,3661
schulpflichtig,3662
schulprogramm,3663
schulrat,3664
schulstandorte,3665
schulstufe,3666
schulsynode,3667
schulung,3668
schulzeit,3669
schutz,3670
schutzbaute,3671
schutzbedarf,3672
schutzbestimmung,3673
schutzmassnahme,3674
schutzmassnahmen,3675
schutzwürdig,3676
schutzziel,3677
schutzzone,3678
schwach,3679
schwangerschaft,3680
schwarzarbeit,3681
schweigepflicht,3682
schweizer,3683
schwellenwert,3684
schwer,3685
schwerpunkt,3686
schwerpunktfach,3687
schwerwiegend,3688
schwierigkeit,3689
schädigung,3690
schätzung,3691
schätzungsverfahren,3692
schüler,3693
schülerinne,3694
schülerschaft,3695
schützen,3696
schützenswert,3697
sdk,3698
sehen,3699
sein,3700
seite,3701
seitens,3702
sekretariat,3703
sekretär,3704
sektion,3705
sektor,3706
sekundarschule,3707
sekundarstufe,3708
sekundenliter,3709
selber,3710
selbstdeklaration,3711
selbsthilfemassnahmen,3712
selbstkost,3713
selbstständig,3714
selbstvorsorge,3715
selbständigerwerbend,3716
selten,3717
semester,3718
senken,3719
separat,3720
sera,3721
seront,3722
service,3723
ses,3724
session,3725
sexuell,3726
seyn,3727
sfg,3728
sicher,3729
sicherheit,3730
sicherheitsdepartement,3731
sicherheitsdirektion,3732
sicherheitshaft,3733
sicherheitsleistung,3734
sicherheitsmassnahme,3735
sichern,3736
sicherstellung,3737
sicherung,3738
sichtbar,3739
siedlung,3740
siedlungsabfälle,3741
siegel,3742
signal,3743
signalisation,3744
signalisiert,3745
sinnvoll,3746
situation,3747
situationsplan,3748
sitzkanton,3749
sitzungsgeld,3750
sitzungsgelder,3751
six,3752
sobald,3753
sodann,3754
sodk,3755
sofortig,3756
sogenannter,3757
sohag,3758
sohav,3759
solange,3760
solidarisch,3761
solothurn,3762
somit,3763
sonderpädagogik,3764
sonderpädagogisch,3765
sonderschule,3766
sonderschulung,3767
sonderzweck,3768
sonen,3769
sonn,3770
sonntag,3771
sonstig,3772
sorgfalt,3773
sorgfältig,3774
sozial,3775
sozialbeitrag,3776
soziale,3777
sozialhilfe,3778
sozialkommission,3779
sozialleistung,3780
sozialpartnerschaftlich,3781
sozialversicherung,3782
sozialversicherungsgericht,3783
sozialversicherungsrecht,3784
sozialversicherungssachen,3785
spartarif,3786
sparte,3787
speicher,3788
speichern,3789
speicherung,3790
sperren,3791
sperrfrist,3792
sperrung,3793
spes,3794
spesenersatz,3795
spezialgesetzlich,3796
spezifikation,3797
spezifisch,3798
spiel,3799
spielgruppe,3800
spital,3801
spitalextern,3802
spitalliste,3803
spitäler,3804
sport,3805
sportanlag,3806
sportkommission,3807
sportlich,3808
sportveranstaltung,3809
sportwette,3810
sprach,3811
sprache,3812
sprachlich,3813
sprechen,3814
spruchgebühr,3815
spruchkammer,3816
spruchkörper,3817
spät,3818
srh,3819
srk,3820
staat,3821
staatsangehörig,3822
staatsangehörigkeit,3823
staatsanwalt,3824
staatsanwaltschaft,3825
staatsanwältin,3826
staatsanwältinn,3827
staatsarchiv,3828
staatsbeitrag,3829
staatskanzlei,3830
staatspersonal,3831
staatsrechnung,3832
staatsvertrag,3833
staatsvertraglich,3834
staatsvertragsbereich,3835
stabsstell,3836
stabsstelle,3837
stadt,3838
stadtgebiet,3839
stadtgärtnerei,3840
stammen,3841
standard,3842
standardisiert,3843
standort,3844
standortgespräch,3845
standortkanton,3846
standortkantone,3847
standplatz,3848
stark,3849
stationär,3850
statistik,3851
statistikstelle,3852
statistisch,3853
stattfinden,3854
statut,3855
statutarisch,3856
std,3857
stehend,3858
stein,3859
stellenbeschreibung,3860
stellenbeschrieb,3861
stelleninhaber,3862
stellenprozent,3863
stellung,3864
stellungnahme,3865
stellvertretend,3866
stellvertreter,3867
stellvertreterinn,3868
stellvertretung,3869
stempel,3870
stets,3871
steuer,3872
steuerbar,3873
steuerbefreiung,3874
steuerbehörde,3875
steuerbetrag,3876
steuererklärung,3877
steuerforderung,3878
steuergesetz,3879
steuerjahr,3880
steuerlich,3881
steuern,3882
steuerpflicht,3883
steuerpflichtig,3884
steuerpflichtige,3885
steuerrechtlich,3886
steuerrekurskommission,3887
steuersatz,3888
steuerung,3889
steuerveranlagung,3890
steuerverwaltung,3891
stg,3892
stgb,3893
stichentscheid,3894
stichtag,3895
stiftung,3896
stiftungsaufsicht,3897
stiftungsrat,3898
stiftungsvermögen,3899
still,3900
stilllegung,3901
stillschweigen,3902
stillschweigend,3903
stimmabgabe,3904
stimmberechtigen,3905
stimmberechtigt,3906
stimmberechtigte,3907
stimmberechtigter,3908
stimmberechtigung,3909
stimme,3910
stimmen,3911
stimmende,3912
stimmengleichheit,3913
stimmrecht,3914
stimmrechtsausweis,3915
stimmregister,3916
stimmzettel,3917
stipendi,3918
stipendie,3919
stockwerkeigentum,3920
stoff,3921
stpo,3922
straf,3923
strafanstalt,3924
strafbar,3925
strafbefehl,3926
strafbestimmung,3927
strafe,3928
strafgericht,3929
strafgesetzbuch,3930
strafprozess,3931
strafprozessordnung,3932
strafrechtlich,3933
strafsachen,3934
straftat,3935
strafverfahre,3936
strafverfahren,3937
strafverfolgung,3938
strafverfolgungsbehörde,3939
strafverfolgungsbehörden,3940
strafvollzug,3941
strasse,3942
strassen,3943
strassenlinien,3944
strassenverkehr,3945
strategie,3946
strategisch,3947
straß,3948
streben,3949
strecke,3950
streichen,3951
streichung,3952
streitbeilegung,3953
streitfall,3954
streitig,3955
streitsache,3956
streitwert,3957
strom,3958
stromlieferant,3959
strompreis-bonus,3960
stromvg,3961
stromvv,3962
struktur,3963
strukturell,3964
student,3965
studie,3966
studienangebot,3967
studiengebühr,3968
studienreise,3969
studierend,3970
studium,3971
stufe,3972
stundenansatz,3973
stundung,3974
städtebau,3975
städtisch,3976
ständ,3977
ständig,3978
stärke,3979
stärkung,3980
stören,3981
störung,3982
subsidiarität,3983
subsidiär,3984
substanz,3985
subvention,3986
subventioniert,3987
subventionierung,3988
suche,3989
suchen,3990
suisse,3991
suisses,3992
summarisch,3993
summe,3994
sur,3995
svg,3996
swiss,3997
swisslos,3998
swisslos-fonds,3999
system,4000
systematisch,4001
sämtlich,4002
säule,4003
säumig,4004
tabelle,4005
tag,4006
tagesbetreuung,4007
tagesfamil,4008
tagesfamili,4009
tagesfamilienorganisation,4010
tagesfamilium,4011
tagesordnung,4012
tagesstruktur,4013
taggeld,4014
tarif,4015
tarifverbund,4016
tatbestand,4017
tatsache,4018
tatsächlich,4019
taxameter,4020
taxe,4021
taxen,4022
taxi,4023
taxibetrieb,4024
taxifahrer,4025
taxifahrerinn,4026
taxigesetz,4027
tba,4028
team,4029
technik,4030
technologie,4031
teich,4032
teilen,4033
teilhabe,4034
teilnahme,4035
teilnehmen,4036
teilnehmend,4037
teilnehmer,4038
teilnehmerinn,4039
teilung,4040
telefon,4041
temporär,4042
termin,4043
terrain,4044
tertiärstuf,4045
tessin,4046
teuerung,4047
teuerungsausgleich,4048
text,4049
thema,4050
theoretisch,4051
theorie,4052
therapeutisch,4053
therapie,4054
thermisch,4055
thurgau,4056
tief,4057
tiefbauamt,4058
tiefbauarbeit,4059
tiefe,4060
tier,4061
tierarzt,4062
tierhalter,4063
tierhaltung,4064
tierisch,4065
tierschutz,4066
tierschutzgesetzgebung,4067
tierseuchengesetzgebung,4068
titel,4069
tks,4070
tnw,4071
tochtergesellschaft,4072
tod,4073
todesfall,4074
tonne,4075
total,4076
tous,4077
tragbar,4078
tragweite,4079
transparent,4080
transparenz,4081
transport,4082
transportunternehmen,4083
transportunternehmung,4084
treffend,4085
treibhausgasemission,4086
trennen,4087
trennung,4088
trete,4089
treu,4090
triftig,4091
trinkwasser,4092
trinkwasserversorgung,4093
trottoir,4094
trotz,4095
träger,4096
trägerkantone,4097
trägermedie,4098
trägerschaft,4099
tsv,4100
turnus,4101
täglich,4102
täterschaft,4103
tätig,4104
tätigen,4105
tür,4106
ufer,4107
uhr,4108
ukbb,4109
umbau,4110
umbaute,4111
umfangreich,4112
umfassen,4113
umfassend,4114
umfeld,4115
umgang,4116
umgebung,4117
umgehen,4118
umgehend,4119
umgekehrt,4120
umlegung,4121
umlegungsverfahren,4122
umsatz,4123
umschlag,4124
umschlagen,4125
umschreibung,4126
umschrieben,4127
umschulung,4128
umsetzen,4129
umsetzung,4130
umstand,4131
umstrukturierung,4132
umtriebsgebühr,4133
umwandlung,4134
umwelt,4135
umweltfreundlich,4136
umweltgerecht,4137
umweltschutz,4138
umweltschutzgesetz,4139
umweltverträglichkeit,4140
umweltverträglichkeitsprüfung,4141
unabhängigkeit,4142
unaufgefordert,4143
unaufschiebbar,4144
unbefristet,4145
unbefugt,4146
unbegründet,4147
unbekannt,4148
unbenutzt,4149
unbenützt,4150
unberührt,4151
unbeschränkt,4152
unbestimmt,4153
unbeweglich,4154
unbezahlt,4155
une,4156
uneingeschränkt,4157
uneinigkeit,4158
unentschuldigt,4159
unerlaubt,4160
unerlässlich,4161
unfall,4162
unfallversicherung,4163
unformuliert,4164
ungeachtet,4165
ungedeckt,4166
ungenutzt,4167
ungenügend,4168
ungerechtfertigt,4169
ungültig,4170
universitär,4171
universität,4172
universitätsgut,4173
universitätsrat,4174
unmündig,4175
unrecht,4176
unrechtmässig,4177
unredlichkeit,4178
unregelmässig,4179
unrichtig,4180
unselbstständig,4181
unselbständig,4182
unten,4183
unter,4184
unterbleiben,4185
unterbrechbar,4186
unterbrechen,4187
unterbrechung,4188
unterbreien,4189
unterbringen,4190
unterbringung,4191
untereinander,4192
unterer,4193
untergeordnet,4194
unterhalb,4195
unterhalten,4196
unterhaltsbeitrag,4197
unterhaltskosten,4198
unterhaltspflicht,4199
unterhaltszulag,4200
unterhaltung,4201
unterirdisch,4202
unterjährig,4203
unterkunft,4204
unterlassen,4205
unterlassung,4206
unterliegend,4207
unterlässt,4208
unternehmen,4209
unternehmer,4210
unternehmerisch,4211
unternehmung,4212
unterricht,4213
unterrichten,4214
unterrichtsbesuch,4215
unterrichtslektion,4216
unterrichtszeit,4217
untersagen,4218
unterscheiden,4219
unterschiedlich,4220
unterschreiben,4221
unterschreiten,4222
unterschrift,4223
unterschriftlich,4224
unterstellen,4225
unterstellt,4226
unterstellung,4227
unterstützend,4228
unterstützt,4229
unterstützung,4230
unterstützungspflicht,4231
untersuchen,4232
untersuchung,4233
unterwerfen,4234
unterzeichnen,4235
unterzeichnende,4236
unterzeichnet,4237
unterzeichnung,4238
unterziehen,4239
ununterbrochen,4240
unvereinbarkeit,4241
unverhältnismässig,4242
unverschuldet,4243
unverändert,4244
unvollständig,4245
unwahr,4246
unzulässig,4247
unzumutbar,4248
urkund,4249
urkunde,4250
urlaub,4251
urlaube,4252
urne,4253
urnengang,4254
ursache,4255
ursprünglich,4256
urteil,4257
urteilend,4258
urteilsunfähig,4259
usg,4260
usw,4261
uvg,4262
validieren,4263
validierung,4264
variabl,4265
verabschieden,4266
veranlagen,4267
veranlagung,4268
veranlagungsverfügung,4269
veranlassen,4270
veranlassung,4271
veranstalter,4272
veranstalterbewilligung,4273
veranstalterinnen,4274
veranstaltung,4275
verantwortlichkeit,4276
verantwortung,4277
verband,4278
verbessern,4279
verbesserung,4280
verbieten,4281
verbilligung,4282
verbinden,4283
verbindlich,4284
verbindlichkeit,4285
verbindung,4286
verbindungsstrasse,4287
verbleib,4288
verbleiben,4289
verbleibend,4290
verbot,4291
verboten,4292
verbrauch,4293
verbraucher,4294
verbrauchsabhängig,4295
verbrauchsmaterialien,4296
verbrechen,4297
verbrennen,4298
verbrennung,4299
verbringen,4300
verbund,4301
verbunden,4302
verdacht,4303
verdeckt,4304
verein,4305
vereinbar,4306
vereinbarkeit,4307
vereinbart,4308
vereinbarungskanton,4309
vereinbarungskantone,4310
vereinbarungspartner,4311
vereinfacht,4312
vereinigen,4313
vereinigung,4314
verfahrensbestimmung,4315
verfahrensbeteiligt,4316
verfahrenskost,4317
verfahrensleitend,4318
verfahrensleitung,4319
verfahrenspflichter,4320
verfahrensrecht,4321
verfahrensvorschrift,4322
verfallen,4323
verfassen,4324
verfasst,4325
verfassung,4326
verfassungsgericht,4327
verfolgen,4328
verfolgung,4329
verfügbar,4330
verfügbarkeit,4331
verfügend,4332
verfügt,4333
verfügungen,4334
vergabe,4335
vergabeverfahren,4336
vergeben,4337
vergehen,4338
vergleich,4339
vergleichbar,4340
vergrösserung,4341
vergüten,4342
vergütung,4343
verhalten,4344
verhandlung,4345
verhindern,4346
verhinderung,4347
verhältnismässig,4348
verhängen,4349
verhütung,4350
verjähren,4351
verjährung,4352
verkauf,4353
verkaufen,4354
verkaufslokal,4355
verkaufsstand,4356
verkehr,4357
verkehrs-betriebe,4358
verkehrsdepartement,4359
verkehrsmittel,4360
verkehrssicherheit,4361
verkehrswert,4362
verkürzen,4363
verlangt,4364
verlassen,4365
verlauf,4366
verlegen,4367
verlegung,4368
verleihen,4369
verleihung,4370
verletzen,4371
verletzung,4372
verlieren,4373
verlust,4374
verlustschein,4375
verlängern,4376
verlängerung,4377
vermarkung,4378
vermeiden,4379
vermeidung,4380
vermerk,4381
vermerken,4382
vermessung,4383
vermessungsamt,4384
vermessungsfixpunkt,4385
vermieten,4386
vermieter,4387
vermietung,4388
vermindern,4389
vermindert,4390
verminderung,4391
vermitteln,4392
vermittler,4393
vermittlung,4394
vermittlungsstelle,4395
vermittlungsverfahren,4396
vermuten,4397
vermögen,4398
vermögensertrag,4399
vermögensrechtlich,4400
vermögensverwaltung,4401
vermögenswert,4402
vernehmlassung,4403
vernetzung,4404
vernichten,4405
vernichtung,4406
verordnungsweg,4407
verpachtung,4408
verpflegung,4409
verpflichtet,4410
verpflichtung,4411
verrechnen,4412
verrechnung,4413
verrechnungssteuer,4414
verrichten,4415
verrichtung,4416
versammlung,4417
versand,4418
verschieden,4419
verschubbahnhof,4420
verschulden,4421
verschwiegenheit,4422
versehen,4423
versetzen,4424
versetzung,4425
versicherer,4426
versichern,4427
versichert,4428
versicherter,4429
versicherung,4430
versicherungsleistung,4431
versicherungspflicht,4432
versicherungswert,4433
versorgen,4434
versorgung,4435
versorgungsleitung,4436
versorgungsnetz,4437
versprechen,4438
verspätet,4439
verspätung,4440
verstehen,4441
versteigerung,4442
versteuern,4443
verstorben,4444
verstoss,4445
verstossen,4446
verständigen,4447
verständigung,4448
verständlich,4449
verstärkt,4450
verstösse,4451
verstössen,4452
versuch,4453
versuchen,4454
versucht,4455
verteidigung,4456
verteilen,4457
verteilschlüssel,4458
verteilung,4459
vertraglich,4460
vertragsdauer,4461
vertragskanton,4462
vertragskantone,4463
vertragskantonen,4464
vertragskantoner,4465
vertragspartei,4466
vertragsparteie,4467
vertragsparteien,4468
vertragspartner,4469
vertragsschliessend,4470
vertragsstaat,4471
vertrauensperson,4472
vertraulich,4473
vertraulichkeit,4474
vertreter,4475
vertreterinnen,4476
verunmöglichen,4477
verunreinigung,4478
verursachen,4479
verursacher,4480
verursacherprinzip,4481
verursacht,4482
verurteilt,4483
verwahren,4484
verwahrung,4485
verwalten,4486
verwaltet,4487
verwaltungsabteilung,4488
verwaltungsaufwand,4489
verwaltungsbehörde,4490
verwaltungschef,4491
verwaltungseinheit,4492
verwaltungsgebühr,4493
verwaltungsgebühre,4494
verwaltungsgericht,4495
verwaltungshandlung,4496
verwaltungsintern,4497
verwaltungskommission,4498
verwaltungskoster,4499
verwaltungsrat,4500
verwaltungsratsmitglied,4501
verwaltungsrechtlich,4502
verwaltungsrechtspfleg,4503
verwaltungsrechtspflege,4504
verwaltungstätigkeit,4505
verwaltungsverfahren,4506
verwaltungsvermög,4507
verwaltungsvermögen,4508
verwandt,4509
verwandte,4510
verwarnung,4511
verweigern,4512
verweigerung,4513
verweisen,4514
verwendet,4515
verwertbar,4516
verwerten,4517
verwertung,4518
verwirklichen,4519
verwirklichung,4520
verzeichnen,4521
verzeichnis,4522
verzeichnisse,4523
verzicht,4524
verzinsen,4525
verzinsung,4526
verzug,4527
verzugszin,4528
verzugszins,4529
verzugszinse,4530
verzögerung,4531
verändern,4532
verändert,4533
veränderung,4534
veräussern,4535
veräussert,4536
veräusserung,4537
veröffentlichen,4538
veröffentlicht,4539
veröffentlichung,4540
veterinäramt,4541
vgl,4542
videoüberwachung,4543
vierjährig,4544
viertel,4545
vierteljährlich,4546
viii,4547
vizepräsident,4548
vizepräsidium,4549
volk,4550
volksabstimmung,4551
volksinitiative,4552
volksschule,4553
volksschulen,4554
volksschulleitung,4555
volkswirtschaft,4556
voll,4557
vollenden,4558
vollendet,4559
vollendung,4560
volljährig,4561
vollmacht,4562
vollstreckbar,4563
vollstreckung,4564
vollständigkeit,4565
vollumfänglich,4566
vollzeit,4567
vollzeitausbildung,4568
vollziehen,4569
vollziehend,4570
vollziehungsverordnung,4571
vollzugsaufgab,4572
vollzugsbehörde,4573
vollzugsbestimmung,4574
vollzugseinrichtung,4575
vollzugshilfe,4576
vollzugskost,4577
vollzugsplan,4578
volontär,4579
vor,4580
vorab,4581
vorabklärung,4582
vorabkonsultation,4583
vorangegangen,4584
vorangehend,4585
voranschlag,4586
voraussetzen,4587
voraussichtlich,4588
vorauszahlung,4589
vorbehältlich,4590
vorberatung,4591
vorbereiten,4592
vorbereitend,4593
vorbereitung,4594
vorbildung,4595
vorbringen,4596
vorentscheid,4597
vorführen,4598
vorführung,4599
vorgang,4600
vorgegeben,4601
vorgehen,4602
vorgeschlagen,4603
vorgeschrieben,4604
vorgesetzt,4605
vorgesetzter,4606
vorgezogen,4607
vorhaben,4608
vorher,4609
vorhergehend,4610
vorherig,4611
vorinstanz,4612
vorjahr,4613
vorkaufsrecht,4614
vorkehrum,4615
vorkehrung,4616
vorkommnis,4617
vorladung,4618
vorlag,4619
vorlage,4620
vorlieg,4621
vorläufig,4622
vormundschaft,4623
vornahme,4624
vorname,4625
vornherein,4626
vorprüfung,4627
vorrang,4628
vorrangig,4629
vorschlag,4630
vorschlagen,4631
vorschlagsrecht,4632
vorschreiben,4633
vorschüsse,4634
vorsitz,4635
vorsitzend,4636
vorsorge,4637
vorsorgeauftrag,4638
vorsorgeeinrichtung,4639
vorsorgekommission,4640
vorsorgewerk,4641
vorsorglich,4642
vorstand,4643
vorstehend,4644
vorsteher,4645
vorsätzlich,4646
vorteil,4647
vorverfahren,4648
vorweisen,4649
vorwiegend,4650
vorzeitig,4651
vorzusehen,4652
vorübergehend,4653
vrpg,4654
waadt,4655
wachen,4656
waffe,4657
wag,4658
wahlbehörde,4659
wahlbüro,4660
wahlgang,4661
wahlkreis,4662
wahlverfahren,4663
wahlvorbereitungskommission,4664
wahlvorschlag,4665
wahlzettel,4666
wahren,4667
wahrheitsgemäss,4668
wahrnehmen,4669
wahrnehmung,4670
wahrung,4671
wald,4672
waldstrasse,4673
wanderweg,4674
wandhöhe,4675
warmwasser,4676
wartung,4677
wasser,4678
wasserentnahma,4679
wassergefährdend,4680
wasserkräfte,4681
wasserlauf,4682
wassermenge,4683
wasserversorgung,4684
wav,4685
wechsel,4686
wechseln,4687
weg,4688
wegfall,4689
wegzug,4690
weibeldienst,4691
weiblich,4692
weiler,4693
weisen,4694
weisungsbefugnis,4695
weit,4696
weiter,4697
weiterbildung,4698
weiterbildungskurs,4699
weiterbildungsschule,4700
weiterentwicklung,4701
weiterführen,4702
weiterführend,4703
weiterführung,4704
weitergabe,4705
weitergeben,4706
weitergehend,4707
weitergezogen,4708
weiterleitung,4709
wenden,4710
werbung,4711
werdend,4712
werk,4713
werkstatt,4714
werktag,4715
werkvorschrift,4716
wert,4717
wertpapier,4718
wertvermehrend,4719
wertvoll,4720
wettbewerb,4721
widerhandlung,4722
widerrechtlich,4723
widerruf,4724
widerrufen,4725
widersprechen,4726
widerspruch,4727
widmen,4728
wiederherstellung,4729
wiederholen,4730
wiederholt,4731
wiederholung,4732
wiederkehrend,4733
wiederwahl,4734
wiese,4735
wild,4736
wildlebend,4737
wille,4738
wirken,4739
wirksamwerde,4740
wirksamwerden,4741
wirkung,4742
wirtefachprüfung,4743
wirtschaft,4744
wirtschaftlich,4745
wirtschaftlichkeit,4746
wirtschaftsmittelschule,4747
wissen,4748
wissenschaft,4749
wissenschaftlich,4750
woche,4751
wohn,4752
wohnbevölkerung,4753
wohnen,4754
wohnend,4755
wohnhaft,4756
wohnort,4757
wohnraum,4758
wohnraumförderung,4759
wohnschutzkommission,4760
wohnsitzkanton,4761
wohnung,4762
wohnungsbau,4763
wohnungsnot,4764
wort,4765
wortlaut,4766
wovon,4767
wrfg,4768
wsu,4769
wunsch,4770
wählbar,4771
wählbarkeit,4772
wählend,4773
wärme,4774
wärmepumpe,4775
wässerung,4776
wöchentlich,4777
wünschen,4778
xii,4779
zahl,4780
zahlen,4781
zahlung,4782
zahlungserleichterung,4783
zahlungsfrist,4784
zahlungspflichtig,4785
zahnklinike,4786
zahnpfleg,4787
zehntel,4788
zeichen,4789
zeigen,4790
zeit,4791
zeitaufwand,4792
zeitlich,4793
zeitliche,4794
zeitraum,4795
zeitwert,4796
zentral,4797
zentrale,4798
zentralsekretariat,4799
zentralstelle,4800
zentrum,4801
zertifikat,4802
zeuge,4803
zeuginn,4804
zeugnis,4805
zeugnisnot,4806
zgb,4807
ziehen,4808
ziel,4809
zielsetzung,4810
zielvereinbarung,4811
zimmer,4812
zins,4813
zinssatz,4814
zivil,4815
zivilgericht,4816
zivilgerichtspräsident,4817
zivilgerichtsschreiberei,4818
zivilgesetzbuch,4819
zivilprozessordnung,4820
zivilrechtlich,4821
zivilsache,4822
zivilschutz,4823
zivilstand,4824
zivilstandsamt,4825
zivilstandsverordnung,4826
zoll,4827
zollverwaltung,4828
zone,4829
zpo,4830
zufahrt,4831
zufolge,4832
zufügen,4833
zuführen,4834
zuführung,4835
zug,4836
zugang,4837
zugehörig,4838
zugehörigkeit,4839
zugelassen,4840
zugeordnet,4841
zugesprochen,4842
zugeteilt,4843
zugewiesen,4844
zugriff,4845
zugriffsberechtigung,4846
zugrunde,4847
zugunsten,4848
zugänglich,4849
zugänglichkeit,4850
zuhand,4851
zuhanden,4852
zukommen,4853
zukunft,4854
zulage,4855
zulasen,4856
zulassen,4857
zulassung,4858
zulassungsbeschränkung,4859
zuletzt,4860
zulässigkeit,4861
zulässt,4862
zumutbar,4863
zuordnen,4864
zuordnung,4865
zurechnen,4866
zurückerstatten,4867
zurückführen,4868
zurückgeforderen,4869
zurückgegeben,4870
zurücklegen,4871
zurücktreten,4872
zurückweisen,4873
zurückziehen,4874
zusammenarbeit,4875
zusammenarbeitsvereinbarung,4876
zusammengefasst,4877
zusammenhängend,4878
zusammenleben,4879
zusammenlegung,4880
zusammenschluss,4881
zusatzeinrichtung,4882
zusatzversicherung,4883
zuschlag,4884
zuschlagskriterium,4885
zusichern,4886
zusicherung,4887
zusprechen,4888
zusprechung,4889
zustand,4890
zustande,4891
zustandekommen,4892
zustehen,4893
zustehend,4894
zustellen,4895
zustellung,4896
zustimmen,4897
zuständigkeitsbereich,4898
zuteilen,4899
zuteilung,4900
zuteilungsplan,4901
zutritt,4902
zuverlässig,4903
zuvor,4904
zuweisen,4905
zuweisung,4906
zuwendung,4907
zuwiderhandeln,4908
zuwiderhandlung,4909
zuzuführen,4910
zuzug,4911
zuzüglich,4912
zwang,4913
zwangsmassnahme,4914
zwangsmassnahmengericht,4915
zweckbestimmung,4916
zweckentfremdung,4917
zweckentsprechend,4918
zweckgebunden,4919
zweckmässig,4920
zweckmässigkeit,4921
zwecks,4922
zweckverband,4923
zwei,4924
zweifel,4925
zweifelsfälle,4926
zweijährig,4927
zweimal,4928
zwingend,4929
zwischenbericht,4930
zwölf,4931
zählen,4932
zürich,4933
ähnlich,4934
ärztin,4935
ärztinn,4936
ärztlich,4937
ärztlicher,4938
äufnen,4939
äufnung,4940
äuss,4941
äussern,4942
öffentlichkeit,4943
öffentlichkeitsarbeit,4944
öffentlichrechtlich,4945
öffnen,4946
öffnung,4947
öffnungszeit,4948
ökologisch,4949
öreb-kataster,4950
örtlich,4951
örtlichkeit,4952
üben,4953
über,4954
überdies,4955
übereinkommen,4956
übereinkunft,4957
übereinstimmend,4958
übereinstimmung,4959
überführen,4960
überführung,4961
übergabe,4962
übergabepunkt,4963
übergangsfrist,4964
übergeben,4965
übergeordnet,4966
überlassen,4967
übermitteln,4968
übermittlung,4969
übermässig,4970
übernachtung,4971
übernahme,4972
übernehmend,4973
übernommen,4974
überprüfung,4975
überschreiten,4976
überschreitung,4977
übersetzung,4978
übersicht,4979
überspringen,4980
übersteigen,4981
übersteigt,4982
überstunde,4983
überstundenarbeit,4984
übertragbar,4985
übertragung,4986
übertretung,4987
übertretungsstrafgesetz,4988
übertritt,4989
überwachen,4990
überwachung,4991
überweisen,4992
überweisung,4993
überwiegend,4994
überwiesen,4995
überzeit,4996
üblich,4997
übung,4998
üstg,4999
